Workbook

Sheet LIST_DX
B2: ■ 디스커버리 26FW 상품속성 (DJ기준)
B3: {=_xlfn.UNIQUE('RAW_DX(DJ)'!M:M)} -> 0 | C3: {=_xlfn.UNIQUE('RAW_DX(DJ)'!N:N)} -> 0 | D3: {=_xlfn.UNIQUE('RAW_DX(DJ)'!O:O)} -> 0 | E3: {=_xlfn.UNIQUE('RAW_DX(DJ)'!P:P)} -> 0 | F3: {=_xlfn.UNIQUE('RAW_DX(DJ)'!Q:Q)} -> 0 | G3: {=_xlfn.UNIQUE('RAW_DX(DJ)'!R:R)} -> 0 | H3: {=_xlfn.UNIQUE('RAW_DX(DJ)'!S:S)} -> 0 | I3: {=_xlfn.UNIQUE('RAW_DX(DJ)'!T:T)} -> 0 | J3: {=_xlfn.UNIQUE('RAW_DX(DJ)'!U:U)} -> 0 | K3: {=_xlfn.UNIQUE('RAW_DX(DJ)'!V:V)} -> 0 | L3: {=_xlfn.UNIQUE('RAW_DX(DJ)'!W:W)} -> 0 | M3: {=_xlfn.UNIQUE('RAW_DX(DJ)'!X:X)} -> 0 | N3: {=_xlfn.UNIQUE('RAW_DX(DJ)'!Y:Y)} -> 0 | O3: {=_xlfn.UNIQUE('RAW_DX(DJ)'!Z:Z)} -> 0 | P3: {=_xlfn.UNIQUE('RAW_DX(DJ)'!AA:AA)} -> 0 | Q3: {=_xlfn.UNIQUE('RAW_DX(DJ)'!AB:AB)} -> 0 | R3: {=_xlfn.UNIQUE('RAW_DX(DJ)'!AC:AC)} -> 0 | S3: {=_xlfn.UNIQUE('RAW_DX(DJ)'!AD:AD)} -> 0 | T3: {=_xlfn.UNIQUE('RAW_DX(DJ)'!AE:AE)} -> 0 | U3: {=_xlfn.UNIQUE('RAW_DX(DJ)'!AF:AF)} -> 0 | V3: {=_xlfn.UNIQUE('RAW_DX(DJ)'!AG:AG)} -> 0 | W3: {=_xlfn.UNIQUE('RAW_DX(DJ)'!AH:AH)} -> 0 | X3: {=_xlfn.UNIQUE('RAW_DX(DJ)'!AI:AI)} -> 0 | Y3: {=_xlfn.UNIQUE('RAW_DX(DJ)'!AJ:AJ)} -> 0
B4: ▶소재 스팩 정보 | C4: 소재명 | D4: 소재 혼용율 | E4: 소재 혼용율% | F4: 원사 데니아(D) | G4: 소재 중량(G) | H4: 소재 밀도(T) | I4: 레이어(필름) | J4: 레이어(필름) 두께 | K4: 소재 후가공 | L4: 소재 TAG | M4: ▶소재 외관 정보 | N4: 소재 조직 | O4: Ra값 (Roughness Average) | P4: GU값 (Gloss Units) | Q4: ▶다운백 정보 | R4: 다운백 데니아(D) | S4: 다운백 밀도(T) | T4: ▶충전재 정보 | U4: 충전재양(G) | V4: 중량 구분 | W4: 필파워 | X4: ▶디자인 정보 | Y4: 기장
B5: 소재처 | C5: CAC-CN6811 2T | D5: NYLON | E5: 100 | F5: 20D | G5: 40G | H5: 400T | I5: Single L | J5: 7mic | K5: CIRE | L5: PERTEX | M5: 소재 구분 | N5: PLAIN | O5: 소재 텍스쳐(Ra) LEVEL | P5: 소재 광택(GU) LEVEL | Q5: 다운백 구조 | R5: 20D | S5: 400T | T5: 충전재 사종 | U5: 110G | V5: 중량 | W5: 650 | X5: 디자인 형태 | Y5: 크롭
B6: C&A | C6: PN-3972S-5 | D6: POLYESTER/POLYURETHANE | E6: 90/10 | F6: 30D | G6: 165G | H6: 443T | I6: 2L | J6: 8mic | K6: WR | L6: GORE-TEX | M6: 우븐 | N6: TUBE | O6: Ra_LV1 | P6: GU_LV5 | Q6: 4L 구조 | R6: (다운백 없음) | S6: (다운백 없음) | T6: EU DUCK 8020 | U6: 60G | V6: 경량 | W6: 700 | X6: 중량패딩 | Y6: 스탠다드
B7: 영보 | C7: PF-23032-12 (P30D 사각 튜브) 12CM | D7: POLYESTER | E7: 95/5 | F7: 50D | G7: 135G | H7: 442T | I7: 3L | J7: 20mic | K7: WR, CIRE | L7: BERTEX | M7: 니트 | N7: RIPSTOP | O7: Ra_LV2 | P7: GU_LV2 | Q7: 2L 구조(튜브) | R7: 30D | S7: 360T | T7: EU GOOSE 8020 | U7: 165G | V7: 헤비 | X7: 경량패딩 | Y7: 세미크롭
B8: 원창 | C8: PF-23032-12C (12CM사각_cire) | D8: POLYURETHANE | E8: 88/12 | F8: 10D | G8: 70G | H8: 239T | J8: 30mic | K8: DWR | N8: CODUROY | O8: Ra_LV4 | P8: GU_LV4 | Q8: 2L 구조 | R8: 40D | S8: 320T | T8: SynCloud Ball Insulation | U8: 140G | X8: 크롭패딩 | Y8: 미드
B9: 플레이트 | C9: CVST230218C-01 | D9: NYLON/POLYURETHANE | F9: 75D | G9: 44G | H9: 290T | J9: 15mic | K9: DWR,CIRE | N9: BOA | O9: Ra_LV5 | P9: GU_LV3 | Q9: 3L 구조 | R9: 15D | T9: EU DUCK 9010 | U9: 180G | X9: 미드패딩 | Y9: 슈퍼크롭
B10: 26STORY | C10: PS-1286 | D10: POLYESTER | F10: 15D | G10: 160G | H10: 505T | J10: 10mic | K10: WR,CIRE | N10: TWILL | O10: Ra_LV3 | T10: EU GOOSE 9010 | U10: 170G | X10: 롱패딩 | Y10: 롱
B11: BKT | C11: 26-BELLINA-1003 | F11: 70D | G11: 77G | H11: 300T | J11: 6mic | N11: DOBBY | U11: 130G | X11: 숏패딩
B12: TOPTEX | C12: BKW-WMS-028 | F12: 25D | G12: 39G | H12: (니트소재 밀도 없음) | U12: 150G | X12: 패딩베스트
B13: KOA | C13: N2040CT | F13: 40D | G13: 29G | H13: 441T | U13: 160G
B14: SPM | C14: CAC-KM0023 | G14: 97G | H14: 203T | U14: 210G
B15: 네오드림 | C15: BKW-WMS-603 | G15: 225G | H15: 477T | U15: 242G
B16: 신한 | C16: KA2508-01C | G16: 370G | H16: 491T | U16: 133G
B17: PERTEX | C17: ACNE_DT 15 | G17: 90G | H17: 305T | U17: 85G
B18: GORE | C18: NEO-226F128 | G18: 26G | H18: 210T | U18: 115G
B19: MOVE | C19: SH-FP1440 DC | G19: 38G | H19: 413T | U19: 90G
B20: 덕성 | C20: GD-210C | G20: 172G | H20: 320T | U20: 240G
B21: FLOWTEX | C21: SL-1417CT | G21: 100G | H21: 398T | U21: 195G
B22: KIS | C22: PRD812-NFC | G22: 120G | H22: 218T | U22: 290G
B23: 라임 | C23: GL-151C | G23: 53G | H23: 444T | U23: 220G
B24: 해원 | C24: BNRSPL75ES-PX 2L | G24: 108G | H24: 499T | U24: 320G
B25: 봄텍스 | C25: TFCT-9039 (3K/3K 2L) | G25: 75G | H25: 435T | U25: 175G
... B30: MD글로벌 | C30: PF-24028M (지그재그 9.5*9.5) | G30: 45G | H30: 240T | U30: 106G
C31: PF-24028W (지그재그 튜브 9 * 9) | G31: 102G | H31: 209T | U31: 135G
C32: SOLID PU-1002 | G32: 58G | H32: 232T | U32: 105G
C33: CJP-430P-ST | G33: 55G | H33: 310T | U33: 95G
C34: D1417-34C20 | G34: 52G | H34: 220T | U34: 75G
C35: KP-4039 | G35: 68G | H35: 376T | U35: 265G
C36: MC-2572 FC | G36: 84G | H36: 482T | U36: 215G
C37: TP00-0343 | G37: 95G | H37: 370T | U37: 232G
C38: LS-7243 | G38: 125G | H38: 219T | U38: 182G
C39: BKW-WMS-421 | G39: 192G | H39: 380T | U39: 355G
C40: NEO-K26F19 | G40: 54G | H40: 327T | U40: 275G
C41: HWN-2020BR/DPC | G41: 115G | H41: 295T | U41: 250G
C42: BOM-SB1368CA (JS1001 PU 뺀 VER.) | G42: 122G | H42: 470T | U42: 390G
... C52: CVST19BM0027 | G52: 65G | H52: 420T | U52: 100G
C53: NEO-22F231 (10mic) | U53: 184G
C54: SK-20-0621-3F(고투습) | U54: 120G
C55: KIS-180710-02 SKIN | U55: 155G
C56: NEO-C22F238 (N) 10mic | U56: 145G
C57: SK21-B-424 | U57: 230G
C58: SK21-B-424 SOFT(10mic) | U58: 225G
C59: PF-20918 (P30D 평행 튜브) 4.5CM | U59: 235G
C60: PF-20785 (P50D 사각 튜브) 11CM | U60: 365G
C61: PF-20785 (P50D 사각 튜브) 10CM | U61: 285G
C62: KIS-180710-02 TPU | U62: 80G
C63: CJP-1448 | U63: 92G
C64: SK-23-0628-5BT | U64: 345G
... C88: TN00-2083-1 (TN00-2004 SOLID COATED)) | U88: 360G

Sheet RAW_DX(DJ)
B1: 2026FW 다운 | AK1: =AK3/'DJ 2025 FW'!AK3-1 -> 2.0285644 | AL1: =AL3/'DJ 2025 FW'!AL3-1 -> 1.991261 | AM1: =AM3/'DJ 2025 FW'!AQ3-1 -> 0.31515383 | AN1: =AN3/'DJ 2025 FW'!AR3-1 -> 0.32923885 | AO1: =AO3-'DJ 2025 FW'!AS3 -> -0.31933701
B2: ▶제품 기준 정보 | M2: ▶소재 스팩 정보 | X2: ▶소재 외관 정보 | AB2: ▶다운백 정보 | AE2: ▶충전재 정보 | AI2: ▶디자인 정보 | AK2: ▶발주, 판매 정보
I3: =SUBTOTAL(9,$I$5:$I$936) -> 43 | J3: =SUBTOTAL(9,$J$5:$J$936) -> 240 | K3: =SUBTOTAL(9,$K$5:$K$936) -> 750 | Z3: Ra값 (Roughness Average) | AA3: GU값 (Gloss Units) | AK3: =SUBTOTAL(9,AK5:AK936) -> 1927018 | AL3: =SUBTOTAL(9,AL5:AL936) -> 626501355000 | AM3: =SUBTOTAL(9,AM5:AM936) -> 472335 | AN3: =SUBTOTAL(9,AN5:AN936) -> 141758104080 | AO3: =AM3/AK3 -> 0.24511188
B4: 품번 (9자리) | C4: 품번 (5자리) | D4: 발주 구분 | E4: 성별 코드 | F4: 아이템코드 | G4: 시즌 | H4: 제품명 | I4: 디자인수 | J4: 스타일수 | K4: 컬러수 | L4: 예상TAG가 | M4: 소재처 | N4: 소재명 | O4: 소재 혼용율 | P4: 소재 혼용율% | Q4: 원사 데니아(D) | R4: 소재 중량(G) | S4: 소재 밀도(T) | T4: 레이어(필름) | U4: 레이어(필름) 두께 | V4: 소재 후가공 | W4: 소재 TAG | X4: 소재 구분 | Y4: 소재 조직 | Z4: 소재 텍스쳐(Ra) LEVEL | AA4: 소재 광택(GU) LEVEL | AB4: 다운백 구조 | AC4: 다운백 데니아(D) | AD4: 다운백 밀도(T) | AE4: 충전재 사종 | AF4: 충전재양(G) | AG4: 중량 구분 | AH4: 필파워 | AI4: 디자인 형태 | AJ4: 기장 | AK4: 발주 수량 | AL4: 발주 금액 | AM4: 목표 판매 수량 | AN4: 목표 판매 금액 | AO4: 목표 판매율 | AQ4: 디자이너
A5: =B5&I5 -> DWDJ9F0661 | B5: DWDJ9F066 | C5: =MID(B5,3,5) -> DJ9F0 | D5: MAIN | E5: =MID($B5,2,1) -> W | F5: =MID($B5,3,2) -> DJ | G5: WINTER | H5: 여성 올핀 다운 경량패딩 | I5: 1 | J5: 1 | K5: 3 | L5: 249000 | M5: C&A | N5: CAC-CN6811 2T | O5: NYLON | P5: 100 | Q5: 20D | R5: 40G | S5: 400T | T5: Single L | V5: CIRE | X5: 우븐 | Y5: PLAIN | Z5: Ra_LV1 | AA5: GU_LV5 | AB5: 4L 구조 | AC5: 20D | AD5: 400T | AE5: EU DUCK 8020 | AF5: 110G | AG5: 중량 | AH5: 650 | AI5: 중량패딩 | AJ5: 크롭 | AK5: 4000 | AL5: =AK5*L5 -> 996000000 | AM5: =AK5*AO5 -> 2600 | AN5: =(AM5*L5)*92% -> 595608000 | AO5: 0.65 | AQ5: 엄윤재
A6: =B6&I6 -> DWDJ9Q0661 | B6: DWDJ9Q066 | C6: =MID(B6,3,5) -> DJ9Q0 | D6: MAIN | E6: =MID($B6,2,1) -> W | F6: =MID($B6,3,2) -> DJ | G6: WINTER | H6: 여성 하이브리드 튜브 구스다운 경량패딩 | I6: 1 | J6: =IF(B6=B5,"",1) -> 1 | K6: 3 | L6: 269000 | M6: 영보 | N6: PN-3972S-5 | O6: POLYESTER/POLYURETHANE | P6: 90/10 | Q6: 30D | R6: 165G | S6: 443T | T6: Single L | V6: WR | X6: 우븐 | Y6: TUBE | Z6: Ra_LV2 | AA6: GU_LV2 | AB6: 2L 구조(튜브) | AC6: (다운백 없음) | AD6: (다운백 없음) | AE6: EU GOOSE 8020 | AF6: 60G | AG6: 경량 | AH6: 650 | AI6: 경량패딩 | AJ6: 스탠다드 | AK6: 3300 | AL6: =AK6*L6 -> 887700000 | AM6: =AK6*AO6 -> 2145 | AN6: =(AM6*L6)*92% -> 530844600 | AO6: =$AO$5 -> 0.65 | AQ6: 엄윤재
A7: =B7&I7 -> DWDJ920661 | B7: DWDJ92066 | C7: =MID(B7,3,5) -> DJ920 | D7: MAIN | E7: =MID($B7,2,1) -> W | F7: =MID($B7,3,2) -> DJ | G7: WINTER | H7: 여성 멜로즈 튜브 다운 경량패딩 | I7: 1 | J7: =IF(B7=B6,"",1) -> 1 | K7: 4 | L7: 299000 | M7: 영보 | N7: PF-23032-12 (P30D 사각 튜브) 12CM | O7: POLYESTER | P7: 100 | Q7: 30D | R7: 135G | S7: 442T | T7: Single L | V7: WR | X7: 우븐 | Y7: TUBE | Z7: Ra_LV2 | AA7: GU_LV2 | AB7: 2L 구조(튜브) | AC7: (다운백 없음) | AD7: (다운백 없음) | AE7: EU DUCK 8020 | AF7: 165G | AG7: 중량 | AH7: 650 | AI7: 중량패딩 | AJ7: 세미크롭 | AK7: 6000 | AL7: =AK7*L7 -> 1794000000 | AM7: =AK7*AO7 -> 3900 | AN7: =(AM7*L7)*92% -> 1072812000 | AO7: =$AO$5 -> 0.65 | AQ7: 엄윤재
A8: =B8&I8 -> DWDJ9H066 | B8: DWDJ9H066 | C8: =MID(B8,3,5) -> DJ9H0 | D8: MAIN | E8: =MID($B8,2,1) -> W | F8: =MID($B8,3,2) -> DJ | G8: WINTER | H8: 여성 멜로즈 튜브 다운 미드패딩 | J8: =IF(B8=B7,"",1) -> 1 | K8: 3 | L8: 319000 | M8: 영보 | N8: PF-23032-12C (12CM사각_cire) | O8: POLYESTER | P8: 100 | Q8: 30D | R8: 135G | S8: 442T | T8: Single L | V8: WR, CIRE | X8: 우븐 | Y8: TUBE | Z8: Ra_LV2 | AA8: GU_LV2 | AB8: 2L 구조(튜브) | AC8: (다운백 없음) | AD8: (다운백 없음) | AE8: EU DUCK 8020 | AF8: 140G | AG8: 중량 | AH8: 650 | AI8: 중량패딩 | AJ8: 미드 | AK8: 3500 | AL8: =AK8*L8 -> 1116500000 | AM8: =AK8*AO8 -> 2275 | AN8: =(AM8*L8)*92% -> 667667000 | AO8: =$AO$5 -> 0.65 | AQ8: 엄윤재
A9: =B9&I9 -> DWDJ930661 | B9: DWDJ93066 | C9: =MID(B9,3,5) -> DJ930 | D9: MAIN | E9: =MID($B9,2,1) -> W | F9: =MID($B9,3,2) -> DJ | G9: WINTER | H9: 여성 올리브 글로우 다운 숏패딩(기본소재) | I9: 1 | J9: =IF(B9=B8,"",1) -> 1 | K9: 4 | L9: 299000 | M9: 원창 | N9: CVST230218C-01 | O9: POLYESTER | P9: 100 | Q9: 50D | R9: 70G | S9: 239T | T9: 2L | U9: 7mic | X9: 우븐 | Y9: PLAIN | Z9: Ra_LV2 | AA9: GU_LV2 | AB9: 4L 구조 | AC9: 20D | AD9: 400T | AE9: EU DUCK 8020 | AF9: 180G | AG9: 헤비 | AH9: 650 | AI9: 크롭패딩 | AJ9: 세미크롭 | AK9: 23000 | AL9: =AK9*L9 -> 6877000000 | AM9: =AK9*AO9 -> 14950 | AN9: =(AM9*L9)*92% -> 4112446000 | AO9: =$AO$5 -> 0.65 | AQ9: 엄윤재
A10: =B10&I10 -> DWDJ93166 | B10: DWDJ93166 | C10: =MID(B10,3,5) -> DJ931 | D10: MAIN | E10: =MID($B10,2,1) -> W | F10: =MID($B10,3,2) -> DJ | G10: WINTER | H10: 여성 올리브 글로우 다운 숏패딩(유광) | J10: =IF(B10=B9,"",1) -> 1 | K10: 3 | L10: 299000 | M10: 플레이트 | N10: PS-1286 | O10: NYLON | P10: 100 | Q10: 20D | R10: 44G | S10: 400T | T10: Single L | V10: WR, CIRE | X10: 우븐 | Y10: PLAIN | Z10: Ra_LV1 | AA10: GU_LV4 | AB10: 4L 구조 | AC10: 20D | AD10: 400T | AE10: EU DUCK 8020 | AF10: 180G | AG10: 헤비 | AH10: 650 | AI10: 크롭패딩 | AJ10: 세미크롭 | AK10: 6500 | AL10: =AK10*L10 -> 1943500000 | AM10: =AK10*AO10 -> 4225 | AN10: =(AM10*L10)*92% -> 1162213000 | AO10: =$AO$5 -> 0.65 | AQ10: 엄윤재
A11: =B11&I11 -> DWDJ940661 | B11: DWDJ94066 | C11: =MID(B11,3,5) -> DJ940 | D11: MAIN | E11: =MID($B11,2,1) -> W | F11: =MID($B11,3,2) -> DJ | G11: WINTER | H11: 여성 올리아 글로우 다운 숏패딩(기본) | I11: 1 | J11: =IF(B11=B10,"",1) -> 1 | K11: 3 | L11: 299000 | M11: 원창 | N11: CVST230218C-01 | O11: POLYESTER | P11: 100 | Q11: 50D | R11: 70G | S11: 239T | T11: 2L | U11: 7mic | X11: 우븐 | Y11: PLAIN | Z11: Ra_LV2 | AA11: GU_LV2 | AB11: 4L 구조 | AC11: 20D | AD11: 400T | AE11: EU DUCK 8020 | AF11: 180G | AG11: 헤비 | AH11: 650 | AI11: 크롭패딩 | AJ11: 크롭 | AK11: 17000 | AL11: =AK11*L11 -> 5083000000 | AM11: =AK11*AO11 -> 11050 | AN11: =(AM11*L11)*92% -> 3039634000 | AO11: =$AO$5 -> 0.65 | AQ11: 엄윤재
A12: =B12&I12 -> DWDJ94166 | B12: DWDJ94166 | C12: =MID(B12,3,5) -> DJ941 | D12: MAIN | E12: =MID($B12,2,1) -> W | F12: =MID($B12,3,2) -> DJ | G12: WINTER | H12: 여성 올리아 글로우 다운 숏패딩(유광) | J12: =IF(B12=B11,"",1) -> 1 | K12: 3 | L12: 299000 | M12: C&A | N12: CAC-CN6811 2T | O12: NYLON | P12: 100 | Q12: 20D | R12: 40G | S12: 400T | T12: Single L | V12: CIRE | X12: 우븐 | Y12: PLAIN | Z12: Ra_LV2 | AA12: GU_LV4 | AB12: 4L 구조 | AC12: 20D | AD12: 400T | AE12: EU DUCK 8020 | AF12: 180G | AG12: 헤비 | AH12: 650 | AI12: 크롭패딩 | AJ12: 크롭 | AK12: =3000+4000+1000 -> 8000 | AL12: =AK12*L12 -> 2392000000 | AM12: =AK12*AO12 -> 5200 | AN12: =(AM12*L12)*92% -> 1430416000 | AO12: =$AO$5 -> 0.65 | AQ12: 엄윤재
A13: =B13&I13 -> DWDJ9R0661 | B13: DWDJ9R066 | C13: =MID(B13,3,5) -> DJ9R0 | D13: MAIN | E13: =MID($B13,2,1) -> W | F13: =MID($B13,3,2) -> DJ | G13: WINTER | H13: 여성 뉴올리아 글로우 다운 숏패딩(벨벳) | I13: 1 | J13: =IF(B13=B12,"",1) -> 1 | K13: 2 | L13: 309000 | M13: 26STORY | N13: 26-BELLINA-1003 | O13: POLYURETHANE | P13: 100 | Q13: 50D | R13: 160G | S13: 290T | T13: Single L | X13: 우븐 | Y13: PLAIN | Z13: Ra_LV1 | AA13: GU_LV4 | AB13: 4L 구조 | AC13: 20D | AD13: 400T | AE13: EU DUCK 8020 | AF13: 170G | AG13: 헤비 | AH13: 650 | AI13: 크롭패딩 | AJ13: 크롭 | AK13: 18000 | AL13: =AK13*L13 -> 5562000000 | AM13: =AK13*AO13 -> 11700 | AN13: =(AM13*L13)*92% -> 3326076000 | AO13: =$AO$5 -> 0.65 | AQ13: 엄윤재
A14: =B14&I14 -> DWDJ9R166 | B14: DWDJ9R166 | C14: =MID(B14,3,5) -> DJ9R1 | D14: MAIN | E14: =MID($B14,2,1) -> W | F14: =MID($B14,3,2) -> DJ | G14: WINTER | H14: 여성 뉴올리아 글로우 다운 숏패딩(NEW소재) | J14: =IF(B14=B13,"",1) -> 1 | K14: 2 | L14: 309000 | M14: BKT | N14: BKW-WMS-028 | O14: POLYURETHANE | P14: 100 | Q14: 20D | R14: 77G | S14: 400T | T14: Single L | X14: 우븐 | Y14: PLAIN | Z14: Ra_LV4 | AA14: GU_LV5 | AB14: 4L 구조 | AC14: 20D | AD14: 400T | AE14: EU DUCK 8020 | AF14: 170G | AG14: 헤비 | AH14: 650 | AI14: 크롭패딩 | AJ14: 크롭 | AK14: 6000 | AL14: =AK14*L14 -> 1854000000 | AM14: =AK14*AO14 -> 3900 | AN14: =(AM14*L14)*92% -> 1108692000 | AO14: =$AO$5 -> 0.65 | AQ14: 엄윤재
A15: =B15&I15 -> DWDJ9G0661 | B15: DWDJ9G066 | C15: =MID(B15,3,5) -> DJ9G0 | D15: MAIN | E15: =MID($B15,2,1) -> W | F15: =MID($B15,3,2) -> DJ | G15: WINTER | H15: 여성 헤이니 글로우 다운 숏패딩(기본소재) | I15: 1 | J15: =IF(B15=B14,"",1) -> 1 | K15: 3 | L15: 299000 | M15: TOPTEX | N15: N2040CT | O15: NYLON | P15: 100 | Q15: 20D | R15: 39G | S15: 400T | T15: Single L | V15: WR | X15: 우븐 | Y15: PLAIN | Z15: Ra_LV1 | AA15: GU_LV3 | AB15: 4L 구조 | AC15: 20D | AD15: 400T | AE15: EU DUCK 8020 | AF15: 140G | AG15: 헤비 | AH15: 650 | AI15: 크롭패딩 | AJ15: 슈퍼크롭 | AK15: =4000+1500+1000 -> 6500 | AL15: =AK15*L15 -> 1943500000 | AM15: =AK15*AO15 -> 4225 | AN15: =(AM15*L15)*92% -> 1162213000 | AO15: =$AO$5 -> 0.65 | AQ15: 엄윤재
A16: =B16&I16 -> DWDJ9G166 | B16: DWDJ9G166 | C16: =MID(B16,3,5) -> DJ9G1 | D16: MAIN | E16: =MID($B16,2,1) -> W | F16: =MID($B16,3,2) -> DJ | G16: WINTER | H16: 여성 헤이니 글로우 다운 숏패딩(벨벳) | J16: =IF(B16=B15,"",1) -> 1 | K16: 4 | L16: 299000 | M16: 26STORY | N16: 26-BELLINA-1003 | O16: POLYURETHANE | P16: 100 | Q16: 50D | R16: 160G | S16: 290T | T16: Single L | X16: 우븐 | Y16: PLAIN | Z16: Ra_LV1 | AA16: GU_LV4 | AB16: 4L 구조 | AC16: 20D | AD16: 400T | AE16: EU DUCK 8020 | AF16: 140G | AG16: 헤비 | AH16: 650 | AI16: 크롭패딩 | AJ16: 슈퍼크롭 | AK16: 10500 | AL16: =AK16*L16 -> 3139500000 | AM16: =AK16*AO16 -> 6825 | AN16: =(AM16*L16)*92% -> 1877421000 | AO16: =$AO$5 -> 0.65 | AQ16: 엄윤재
A17: =B17&I17 -> DWDJ9G266 | B17: DWDJ9G266 | C17: =MID(B17,3,5) -> DJ9G2 | D17: MAIN | E17: =MID($B17,2,1) -> W | F17: =MID($B17,3,2) -> DJ | G17: WINTER | H17: 여성 헤이니 글로우 다운 숏패딩(애슬레져) | J17: 1 | K17: 2 | L17: 299000 | O17: NYLON | P17: 100 | Q17: 10D | R17: 29G | S17: 505T | T17: Single L | V17: WR | X17: 우븐 | Y17: RIPSTOP | Z17: Ra_LV2 | AA17: GU_LV2 | AB17: 2L 구조 | AC17: (다운백 없음) | AD17: (다운백 없음) | AE17: EU DUCK 8020 | AF17: 130G | AG17: 헤비 | AH17: 650 | AI17: 크롭패딩 | AJ17: 슈퍼크롭 | AK17: 5000 | AL17: =AK17*L17 -> 1495000000 | AM17: =AK17*AO17 -> 3250 | AN17: =(AM17*L17)*92% -> 894010000 | AO17: =$AO$5 -> 0.65 | AQ17: 엄윤재
A18: =B18&I18 -> DWDJ910661 | B18: DWDJ91066 | C18: =MID(B18,3,5) -> DJ910 | D18: MAIN | E18: =MID($B18,2,1) -> W | F18: =MID($B18,3,2) -> DJ | G18: WINTER | H18: 여성 카라형 다운 숏패딩 | I18: 1 | J18: =IF(B18=B16,"",1) -> 1 | K18: 4 | L18: 319000 | M18: C&A | N18: CAC-KM0023 | O18: POLYURETHANE | P18: 100 | Q18: 50D | R18: 97G | S18: 300T | T18: 2L | X18: 우븐 | Y18: PLAIN | Z18: Ra_LV1 | AA18: GU_LV4 | AB18: 4L 구조 | AC18: 20D | AD18: 400T | AE18: EU DUCK 8020 | AF18: 150G | AG18: 헤비 | AH18: 650 | AI18: 크롭패딩 | AJ18: 크롭 | AK18: 8300 | AL18: =AK18*L18 -> 2647700000 | AM18: =AK18*AO18 -> 5395 | AN18: =(AM18*L18)*92% -> 1583324600 | AO18: =$AO$5 -> 0.65 | AQ18: 엄윤재
A19: =B19&I19 -> DWDJ9S0661 | B19: DWDJ9S066 | C19: =MID(B19,3,5) -> DJ9S0 | D19: MAIN | E19: =MID($B19,2,1) -> W | F19: =MID($B19,3,2) -> DJ | G19: WINTER | H19: 여성 애슬레져 다운 숏패딩 (코듀로이) | I19: 1 | J19: =IF(B19=B18,"",1) -> 1 | K19: 2 | L19: 319000 | M19: BKT | N19: BKW-WMS-603 | O19: POLYESTER/POLYURETHANE | P19: 95/5 | Q19: 50D | R19: 225G | S19: (니트소재 밀도 없음) | T19: Single L | X19: 니트 | Y19: CODUROY | Z19: Ra_LV5 | AA19: GU_LV2 | AB19: 4L 구조 | AC19: 20D | AD19: 400T | AE19: EU DUCK 8020 | AF19: 140G | AG19: 중량 | AH19: 650 | AI19: 크롭패딩 | AJ19: 슈퍼크롭 | AK19: 4000 | AL19: =AK19*L19 -> 1276000000 | AM19: =AK19*AO19 -> 2600 | AN19: =(AM19*L19)*92% -> 763048000 | AO19: =$AO$5 -> 0.65 | AQ19: 엄윤재
A20: =B20&I20 -> DWDJ9S166 | B20: DWDJ9S166 | C20: =MID(B20,3,5) -> DJ9S1 | D20: MAIN | E20: =MID($B20,2,1) -> W | F20: =MID($B20,3,2) -> DJ | G20: WINTER | H20: 여성 애슬레져 다운 숏패딩 (플리스) | J20: =IF(B20=B19,"",1) -> 1 | K20: 2 | L20: 319000 | M20: KOA | N20: KA2508-01C | O20: POLYESTER | P20: 100 | Q20: 75D | R20: 370G | S20: (니트소재 밀도 없음) | T20: Single L | X20: 니트 | Y20: BOA | Z20: Ra_LV5 | AA20: GU_LV2 | AB20: 4L 구조 | AC20: 20D | AD20: 400T | AE20: EU DUCK 8020 | AF20: 130G | AG20: 중량 | AH20: 650 | AI20: 크롭패딩 | AJ20: 슈퍼크롭 | AK20: 4500 | AL20: =AK20*L20 -> 1435500000 | AM20: =AK20*AO20 -> 2925 | AN20: =(AM20*L20)*92% -> 858429000 | AO20: =$AO$5 -> 0.65 | AQ20: 엄윤재
A21: =B21&I21 -> DWDJ960661 | B21: DWDJ96066 | C21: =MID(B21,3,5) -> DJ960 | D21: MAIN | E21: =MID($B21,2,1) -> W | F21: =MID($B21,3,2) -> DJ | G21: WINTER | H21: 여성 베니아 구스다운 미드패딩(기본소재) | I21: 1 | J21: =IF(B21=B20,"",1) -> 1 | K21: 2 | L21: 379000 | M21: TOPTEX | N21: N2040CT | O21: NYLON | P21: 100 | Q21: 20D | R21: 39G | S21: 400T | T21: Single L | V21: WR | X21: 우븐 | Y21: PLAIN | Z21: Ra_LV1 | AA21: GU_LV3 | AB21: 4L 구조 | AC21: 20D | AD21: 400T | AE21: EU GOOSE 8020 | AF21: 160G | AG21: 헤비 | AH21: 650 | AI21: 미드패딩 | AJ21: 미드 | AK21: 4000 | AL21: =AK21*L21 -> 1516000000 | AM21: =AK21*AO21 -> 2600 | AN21: =(AM21*L21)*92% -> 906568000 | AO21: =$AO$5 -> 0.65 | AQ21: 엄윤재
A22: =B22&I22 -> DWDJ96166 | B22: DWDJ96166 | C22: =MID(B22,3,5) -> DJ961 | D22: MAIN | E22: =MID($B22,2,1) -> W | F22: =MID($B22,3,2) -> DJ | G22: WINTER | H22: 여성 베니아 구스다운 미드패딩(더블립스탑) | J22: =IF(B22=B21,"",1) -> 1 | K22: 2 | L22: 379000 | M22: SPM | N22: ACNE_DT 15 | O22: NYLON | P22: 100 | Q22: 15D | R22: 40G | S22: 441T | T22: Single L | V22: WR | X22: 우븐 | Y22: RIPSTOP | Z22: Ra_LV3 | AA22: GU_LV3 | AB22: 4L 구조 | AC22: 20D | AD22: 400T | AE22: EU GOOSE 8020 | AF22: 160G | AG22: 헤비 | AH22: 650 | AI22: 미드패딩 | AJ22: 미드 | AK22: 3000 | AL22: =AK22*L22 -> 1137000000 | AM22: =AK22*AO22 -> 1950 | AN22: =(AM22*L22)*92% -> 679926000 | AO22: =$AO$5 -> 0.65 | AQ22: 엄윤재
A23: =B23&I23 -> DWDJ990661 | B23: DWDJ99066 | C23: =MID(B23,3,5) -> DJ990 | D23: MAIN | E23: =MID($B23,2,1) -> W | F23: =MID($B23,3,2) -> DJ | G23: WINTER | H23: 여성 켈리 구스다운 숏패딩 | I23: 1 | J23: =IF(B23=B22,"",1) -> 1 | K23: 4 | L23: 399000 | M23: 네오드림 | N23: NEO-226F128 | O23: POLYESTER | P23: 100 | Q23: 75D | R23: 90G | S23: 203T | T23: 2L | U23: 8mic | V23: WR | X23: 우븐 | Y23: PLAIN | Z23: Ra_LV2 | AA23: GU_LV2 | AB23: 4L 구조 | AC23: 30D | AD23: 360T | AE23: EU GOOSE 8020 | AF23: 180G | AG23: 헤비 | AH23: 650 | AI23: 크롭패딩 | AJ23: 세미크롭 | AK23: 11000 | AL23: =AK23*L23 -> 4389000000 | AM23: =AK23*AO23 -> 7150 | AN23: =(AM23*L23)*92% -> 2624622000 | AO23: =$AO$5 -> 0.65 | AQ23: 엄윤재
A24: =B24&I24 -> DWDJ98066 | B24: DWDJ98066 | C24: =MID(B24,3,5) -> DJ980 | D24: MAIN | E24: =MID($B24,2,1) -> W | F24: =MID($B24,3,2) -> DJ | G24: WINTER | H24: 여성 켈리 구스다운 미드패딩 | J24: =IF(B24=B23,"",1) -> 1 | K24: 4 | L24: 499000 | M24: 네오드림 | N24: NEO-226F128 | O24: POLYESTER | P24: 100 | Q24: 75D | R24: 90G | S24: 203T | T24: 2L | U24: 8mic | V24: WR | X24: 우븐 | Y24: PLAIN | Z24: Ra_LV2 | AA24: GU_LV2 | AB24: 4L 구조 | AC24: 30D | AD24: 360T | AE24: EU GOOSE 8020 | AF24: 210G | AG24: 헤비 | AH24: 650 | AI24: 미드패딩 | AJ24: 미드 | AK24: 9500 | AL24: =AK24*L24 -> 4740500000 | AM24: =AK24*AO24 -> 6175 | AN24: =(AM24*L24)*92% -> 2834819000 | AO24: =$AO$5 -> 0.65 | AQ24: 엄윤재
A25: =B25&I25 -> DWDJ9A066 | B25: DWDJ9A066 | C25: =MID(B25,3,5) -> DJ9A0 | D25: MAIN | E25: =MID($B25,2,1) -> W | F25: =MID($B25,3,2) -> DJ | G25: WINTER | H25: 여성 켈리 구스다운 롱패딩 (기본) | J25: =IF(B25=B24,"",1) -> 1 | K25: 3 | L25: 590000 | M25: 네오드림 | N25: NEO-226F128 | O25: POLYESTER | P25: 100 | Q25: 75D | R25: 90G | S25: 203T | T25: 2L | U25: 8mic | V25: WR | X25: 우븐 | Y25: PLAIN | Z25: Ra_LV2 | AA25: GU_LV2 | AB25: 4L 구조 | AC25: 30D | AD25: 360T | AE25: EU GOOSE 8020 | AF25: 242G | AG25: 헤비 | AH25: 650 | AI25: 롱패딩 | AJ25: 롱 | AK25: 13000 | AL25: =AK25*L25 -> 7670000000 | AM25: =AK25*AO25 -> 8450 | AN25: =(AM25*L25)*92% -> 4586660000 | AO25: =$AO$5 -> 0.65 | AQ25: 엄윤재
A26: =B26&I26 -> DWDJ9A166 | B26: DWDJ9A166 | C26: =MID(B26,3,5) -> DJ9A1 | D26: MAIN | E26: =MID($B26,2,1) -> W | F26: =MID($B26,3,2) -> DJ | G26: WINTER | H26: 여성 켈리 구스다운 롱패딩(유광) | J26: =IF(B26=B25,"",1) -> 1 | K26: 3 | L26: 620000 | M26: 플레이트 | N26: PS-1286 | O26: NYLON | P26: 100 | Q26: 20D | R26: 44G | S26: 400T | T26: Single L | V26: WR, CIRE | X26: 우븐 | Y26: PLAIN | Z26: Ra_LV1 | AA26: GU_LV4 | AB26: 4L 구조 | AC26: 20D | AD26: 400T | AE26: EU GOOSE 8020 | AF26: 242G | AG26: 헤비 | AH26: 650 | AI26: 롱패딩 | AJ26: 롱 | AK26: 3600 | AL26: =AK26*L26 -> 2232000000 | AM26: =AK26*AO26 -> 2340 | AN26: =(AM26*L26)*92% -> 1334736000 | AO26: =$AO$5 -> 0.65 | AQ26: 엄윤재
A27: =B27&I27 -> DMPD750661 | B27: DMPD75066 | C27: =MID(B27,3,5) -> PD750 | D27: MAIN | E27: =MID($B27,2,1) -> M | F27: =MID($B27,3,2) -> PD | G27: WINTER | H27: 남성 올버트 후드 사각퀼팅 경량 볼패딩 | I27: 1 | J27: =IF(B27=B26,"",1) -> 1 | K27: 4 | L27: 209000 | M27: 신한 | N27: SH-FP1440 DC | O27: NYLON | P27: 100 | Q27: 10D | R27: 29G | S27: 477T | T27: Single L | V27: WR | X27: 우븐 | Y27: RIPSTOP | Z27: Ra_LV2 | AA27: GU_LV4 | AB27: 2L 구조 | AC27: (다운백 없음) | AD27: (다운백 없음) | AE27: SynCloud Ball Insulation | AF27: 180G | AG27: 경량 | AI27: 경량패딩 | AJ27: 스탠다드 | AK27: 6500 | AL27: =AK27*L27 -> 1358500000 | AM27: =AK27*AO27 -> 4225 | AN27: =(AM27*L27)*92% -> 812383000 | AO27: =$AO$5 -> 0.65 | AQ27: 허석민
A28: =B28&I28 -> DWPD76066 | B28: DWPD76066 | C28: =MID(B28,3,5) -> PD760 | D28: MAIN | E28: =MID($B28,2,1) -> W | F28: =MID($B28,3,2) -> PD | G28: WINTER | H28: 여성 올버트 후드 사각퀼팅 경량 볼패딩 | J28: =IF(B28=B27,"",1) -> 1 | K28: 3 | L28: 209000 | M28: 신한 | N28: SH-FP1440 DC | O28: NYLON | P28: 100 | Q28: 10D | R28: 29G | S28: 477T | T28: Single L | V28: WR | X28: 우븐 | Y28: RIPSTOP | Z28: Ra_LV2 | AA28: GU_LV4 | AB28: 2L 구조 | AC28: (다운백 없음) | AD28: (다운백 없음) | AE28: SynCloud Ball Insulation | AF28: 133G | AG28: 경량 | AI28: 경량패딩 | AJ28: 스탠다드 | AK28: 3000 | AL28: =AK28*L28 -> 627000000 | AM28: =AK28*AO28 -> 1950 | AN28: =(AM28*L28)*92% -> 374946000 | AO28: =$AO$5 -> 0.65 | AQ28: 허석민
A29: =B29&I29 -> DMDJ7i0661 | B29: DMDJ7i066 | C29: =MID(B29,3,5) -> DJ7i0 | D29: MAIN | E29: =MID($B29,2,1) -> M | F29: =MID($B29,3,2) -> DJ | G29: WINTER | H29: 남성 올버트 후드 다운 경량패딩 | I29: 1 | J29: =IF(B29=B28,"",1) -> 1 | K29: 3 | L29: 259000 | M29: 플레이트 | N29: GD-210C | O29: NYLON | P29: 100 | Q29: 10D | R29: 26G | S29: 505T | T29: Single L | V29: WR | X29: 우븐 | Y29: RIPSTOP | Z29: Ra_LV2 | AA29: GU_LV4 | AB29: 2L 구조 | AC29: (다운백 없음) | AD29: (다운백 없음) | AE29: EU DUCK 9010 | AF29: 110G | AG29: 경량 | AH29: 700 | AI29: 경량패딩 | AJ29: 스탠다드 | AK29: 5000 | AL29: =AK29*L29 -> 1295000000 | AM29: =AK29*AO29 -> 3250 | AN29: =(AM29*L29)*92% -> 774410000 | AO29: =$AO$5 -> 0.65 | AQ29: 허석민
A30: =B30&I30 -> DWDJ7J066 | B30: DWDJ7J066 | C30: =MID(B30,3,5) -> DJ7J0 | D30: MAIN | E30: =MID($B30,2,1) -> W | F30: =MID($B30,3,2) -> DJ | G30: WINTER | H30: 여성 올버트 후드 다운 경량패딩 | J30: =IF(B30=B29,"",1) -> 1 | K30: 3 | L30: 259000 | M30: 플레이트 | N30: GD-210C | O30: NYLON | P30: 100 | Q30: 10D | R30: 26G | S30: 505T | T30: Single L | V30: WR | X30: 우븐 | Y30: RIPSTOP | Z30: Ra_LV2 | AA30: GU_LV4 | AB30: 2L 구조 | AC30: (다운백 없음) | AD30: (다운백 없음) | AE30: EU DUCK 9010 | AF30: 85G | AG30: 경량 | AH30: 700 | AI30: 경량패딩 | AJ30: 스탠다드 | AK30: 2600 | AL30: =AK30*L30 -> 673400000 | AM30: =AK30*AO30 -> 1690 | AN30: =(AM30*L30)*92% -> 402693200 | AO30: =$AO$5 -> 0.65 | AQ30: 허석민
A31: =B31&I31 -> DMDJ7M0661 | B31: DMDJ7M066 | C31: =MID(B31,3,5) -> DJ7M0 | D31: MAIN | E31: =MID($B31,2,1) -> M | F31: =MID($B31,3,2) -> DJ | G31: WINTER | H31: 남성 올버트 뉴퀼팅 구스다운 경량패딩 | I31: 1 | J31: =IF(B31=B30,"",1) -> 1 | K31: 4 | L31: 279000 | M31: 신한 | N31: SL-1417CT | O31: NYLON | P31: 100 | Q31: 15D | R31: 38G | S31: 491T | T31: Single L | V31: WR, CIRE | X31: 우븐 | Y31: RIPSTOP | Z31: Ra_LV3 | AA31: GU_LV3 | AB31: 4L 구조 | AC31: 20D | AD31: 400T | AE31: EU GOOSE 8020 | AF31: 115G | AG31: 경량 | AH31: 650 | AI31: 경량패딩 | AJ31: 스탠다드 | AK31: 4600 | AL31: =AK31*L31 -> 1283400000 | AM31: =AK31*AO31 -> 2990 | AN31: =(AM31*L31)*92% -> 767473200 | AO31: =$AO$5 -> 0.65 | AQ31: 허석민
A32: =B32&I32 -> DWDJ9M066 | B32: DWDJ9M066 | C32: =MID(B32,3,5) -> DJ9M0 | D32: MAIN | E32: =MID($B32,2,1) -> W | F32: =MID($B32,3,2) -> DJ | G32: WINTER | H32: 여성 올버트 뉴퀼팅 구스다운 경량패딩 | J32: =IF(B32=B31,"",1) -> 1 | K32: 4 | L32: 279000 | M32: 신한 | N32: SL-1417CT | O32: NYLON | P32: 100 | Q32: 15D | R32: 38G | S32: 491T | T32: Single L | V32: WR, CIRE | X32: 우븐 | Y32: RIPSTOP | Z32: Ra_LV3 | AA32: GU_LV3 | AB32: 4L 구조 | AC32: 20D | AD32: 400T | AE32: EU GOOSE 8020 | AF32: 90G | AG32: 경량 | AH32: 650 | AI32: 경량패딩 | AJ32: 크롭 | AK32: 7800 | AL32: =AK32*L32 -> 2176200000 | AM32: =AK32*AO32 -> 5070 | AN32: =(AM32*L32)*92% -> 1301367600 | AO32: =$AO$5 -> 0.65 | AQ32: 엄윤재
A33: =B33&I33 -> DMDJ7G0661 | B33: DMDJ7G066 | C33: =MID(B33,3,5) -> DJ7G0 | D33: MAIN | E33: =MID($B33,2,1) -> M | F33: =MID($B33,3,2) -> DJ | G33: WINTER | H33: 남성 올버트 구스다운 숏패딩 (퍼텍스) | I33: 1 | J33: =IF(B33=B32,"",1) -> 1 | K33: 3 | L33: 499000 | M33: PERTEX | N33: PRD812-NFC | O33: NYLON | P33: 100 | Q33: 20D | R33: 38G | S33: 400T | T33: Single L | V33: WR | W33: PERTEX | X33: 우븐 | Y33: PLAIN | Z33: Ra_LV1 | AA33: GU_LV5 | AB33: 2L 구조 | AC33: (다운백 없음) | AD33: (다운백 없음) | AE33: EU GOOSE 9010 | AF33: 240G | AG33: 헤비 | AH33: 700 | AI33: 숏패딩 | AJ33: 스탠다드 | AK33: 6000 | AL33: =AK33*L33 -> 2994000000 | AM33: =AK33*AO33 -> 3900 | AN33: =(AM33*L33)*92% -> 1790412000 | AO33: =$AO$5 -> 0.65 | AQ33: 허석민
A34: =B34&I34 -> DWDJ7H066 | B34: DWDJ7H066 | C34: =MID(B34,3,5) -> DJ7H0 | D34: MAIN | E34: =MID($B34,2,1) -> W | F34: =MID($B34,3,2) -> DJ | G34: WINTER | H34: 여성 올버트 구스다운 숏패딩 (퍼텍스) | J34: =IF(B34=B33,"",1) -> 1 | K34: 2 | L34: 499000 | M34: PERTEX | N34: PRD812-NFC | O34: NYLON | P34: 100 | Q34: 20D | R34: 38G | S34: 400T | T34: Single L | V34: WR | W34: PERTEX | X34: 우븐 | Y34: PLAIN | Z34: Ra_LV1 | AA34: GU_LV5 | AB34: 2L 구조 | AC34: (다운백 없음) | AD34: (다운백 없음) | AE34: EU GOOSE 9010 | AF34: 195G | AG34: 헤비 | AH34: 700 | AI34: 숏패딩 | AJ34: 스탠다드 | AK34: 3000 | AL34: =AK34*L34 -> 1497000000 | AM34: =AK34*AO34 -> 1950 | AN34: =(AM34*L34)*92% -> 895206000 | AO34: =$AO$5 -> 0.65 | AQ34: 허석민
A35: =B35&I35 -> DWDJ9J0661 | B35: DWDJ9J066 | C35: =MID(B35,3,5) -> DJ9J0 | D35: MAIN | E35: =MID($B35,2,1) -> W | F35: =MID($B35,3,2) -> DJ | G35: WINTER | H35: 여성 올버트 다운 크롭 숏패딩 | I35: 1 | J35: =IF(B35=B34,"",1) -> 1 | K35: 4 | L35: 329000 | M35: 플레이트 | N35: GD-210C | O35: NYLON | P35: 100 | Q35: 10D | R35: 26G | S35: 505T | T35: Single L | V35: WR | X35: 우븐 | Y35: RIPSTOP | Z35: Ra_LV2 | AA35: GU_LV2 | AB35: 2L 구조 | AC35: (다운백 없음) | AD35: (다운백 없음) | AE35: EU DUCK 9010 | AF35: 130G | AG35: 중량 | AH35: 650 | AI35: 크롭패딩 | AJ35: 슈퍼크롭 | AK35: 8000 | AL35: =AK35*L35 -> 2632000000 | AM35: =AK35*AO35 -> 5200 | AN35: =(AM35*L35)*92% -> 1573936000 | AO35: =$AO$5 -> 0.65 | AQ35: 엄윤재
A36: =B36&I36 -> DMDJ7U0661 | B36: DMDJ7U066 | C36: =MID(B36,3,5) -> DJ7U0 | D36: MAIN | E36: =MID($B36,2,1) -> M | F36: =MID($B36,3,2) -> DJ | G36: WINTER | H36: 남성 NEW 리조트 사파리 구스다운 미드패딩 | I36: 1 | J36: =IF(B36=B35,"",1) -> 1 | K36: 3 | L36: 690000 | M36: 플레이트 | N36: GL-151C | O36: NYLON/POLYURETHANE | P36: 88/12 | Q36: 70D | R36: 172G | S36: 305T | T36: 2L | U36: 20mic | X36: 우븐 | Y36: TWILL | Z36: Ra_LV2 | AA36: GU_LV2 | AB36: 4L 구조 | AC36: 20D | AD36: 400T | AE36: EU GOOSE 8020 | AF36: 290G | AG36: 헤비 | AH36: 650 | AI36: 미드패딩 | AJ36: 미드 | AK36: 4300 | AL36: =AK36*L36 -> 2967000000 | AM36: =AK36*AO36 -> 2795 | AN36: =(AM36*L36)*92% -> 1774266000 | AO36: =$AO$5 -> 0.65 | AQ36: 허석민
A37: =B37&I37 -> DMDJ7K0661 | B37: DMDJ7K066 | C37: =MID(B37,3,5) -> DJ7K0 | D37: MAIN | E37: =MID($B37,2,1) -> M | F37: =MID($B37,3,2) -> DJ | G37: WINTER | H37: 남성 베르겐 고어 윈드스토퍼 구스다운 숏패딩 | I37: 1 | J37: =IF(B37=B36,"",1) -> 1 | K37: 2 | L37: 520000 | M37: GORE | N37: BNRSPL75ES-PX 2L | O37: POLYESTER | P37: 100 | Q37: 75D | R37: 100G | S37: 300T | T37: 2L | U37: 30mic | V37: DWR | W37: GORE-TEX | X37: 우븐 | Y37: PLAIN | Z37: Ra_LV2 | AA37: GU_LV2 | AB37: 4L 구조 | AC37: 20D | AD37: 400T | AE37: EU GOOSE 8020 | AF37: 220G | AG37: 헤비 | AH37: 650 | AI37: 숏패딩 | AJ37: 스탠다드 | AK37: 6300 | AL37: =AK37*L37 -> 3276000000 | AM37: =AK37*AO37 -> 4095 | AN37: =(AM37*L37)*92% -> 1959048000 | AO37: =$AO$5 -> 0.65 | AQ37: 허석민
A38: =B38&I38 -> DMDJ7O0661 | B38: DMDJ7O066 | C38: =MID(B38,3,5) -> DJ7O0 | D38: MAIN | E38: =MID($B38,2,1) -> M | F38: =MID($B38,3,2) -> DJ | G38: WINTER | H38: 남성 밀포드 베르텍스 구스다운 롱패딩 | I38: 1 | J38: =IF(B38=B37,"",1) -> 1 | K38: 2 | L38: 750000 | M38: TOPTEX | N38: TFCT-9039 (3K/3K 2L) | O38: NYLON/POLYURETHANE | P38: 95/5 | Q38: 70D | R38: 135G | S38: 210T | T38: 2L | U38: 20mic | V38: WR | W38: BERTEX | X38: 우븐 | Y38: PLAIN | Z38: Ra_LV3 | AA38: GU_LV2 | AB38: 4L 구조 | AC38: 20D | AD38: 400T | AE38: EU GOOSE 8020 | AF38: 320G | AG38: 헤비 | AH38: 650 | AI38: 롱패딩 | AJ38: 롱 | AK38: 2300 | AL38: =AK38*L38 -> 1725000000 | AM38: =AK38*AO38 -> 1495 | AN38: =(AM38*L38)*92% -> 1031550000 | AO38: =$AO$5 -> 0.65 | AQ38: 허석민
A39: =B39&I39 -> DWDJ9K0661 | B39: DWDJ9K066 | C39: =MID(B39,3,5) -> DJ9K0 | D39: MAIN | E39: =MID($B39,2,1) -> W | F39: =MID($B39,3,2) -> DJ | G39: WINTER | H39: 여성 밀포드 베르텍스 구스다운 미드패딩 | I39: 1 | J39: =IF(B39=B38,"",1) -> 1 | K39: 2 | L39: 550000 | M39: MOVE | N39: MV-2083 3L | O39: POLYESTER | P39: 100 | Q39: 30D | R39: 120G | S39: 413T | T39: 3L | U39: 20mic | W39: BERTEX | X39: 우븐 | Y39: RIPSTOP | Z39: Ra_LV3 | AA39: GU_LV2 | AB39: 4L 구조 | AC39: 20D | AD39: 400T | AE39: EU GOOSE 8020 | AF39: 175G | AG39: 헤비 | AH39: 650 | AI39: 미드패딩 | AJ39: 미드 | AK39: 2500 | AL39: =AK39*L39 -> 1375000000 | AM39: =AK39*AO39 -> 1625 | AN39: =(AM39*L39)*92% -> 822250000 | AO39: =$AO$5 -> 0.65 | AQ39: 엄윤재
A40: =B40&I40 -> DWDJ9B0661 | B40: DWDJ9B066 | C40: =MID(B40,3,5) -> DJ9B0 | D40: MAIN | E40: =MID($B40,2,1) -> W | F40: =MID($B40,3,2) -> DJ | G40: WINTER | H40: 여성 밀포드 베르텍스 벨티드 구스다운 롱패딩 | I40: 1 | J40: =IF(B40=B39,"",1) -> 1 | K40: 2 | L40: 630000 | M40: MOVE | N40: MV-2083 3L | O40: POLYESTER | P40: 100 | Q40: 30D | R40: 120G | S40: 413T | T40: 3L | U40: 20mic | W40: BERTEX | X40: 우븐 | Y40: RIPSTOP | Z40: Ra_LV3 | AA40: GU_LV2 | AB40: 4L 구조 | AC40: 20D | AD40: 400T | AE40: EU GOOSE 8020 | AF40: 210G | AG40: 헤비 | AH40: 650 | AI40: 롱패딩 | AJ40: 롱 | AK40: 4200 | AL40: =AK40*L40 -> 2646000000 | AM40: =AK40*AO40 -> 2730 | AN40: =(AM40*L40)*92% -> 1582308000 | AO40: =$AO$5 -> 0.65 | AQ40: 엄윤재
A41: =B41&I41 -> DMDJ710661 | B41: DMDJ71066 | C41: =MID(B41,3,5) -> DJ710 | D41: MAIN | E41: =MID($B41,2,1) -> M | F41: =MID($B41,3,2) -> DJ | G41: WINTER | H41: 남성 픽시버G 튜브 다운 경량패딩 | I41: 1 | J41: =IF(B41=B40,"",1) -> 1 | K41: 2 | L41: 169000 | M41: 영보 | N41: PF-20918S-45 (P30D 평행 튜브) 4.5CM | O41: POLYESTER | P41: 100 | Q41: 30D | R41: 135G | S41: 442T | T41: Single L | V41: WR | X41: 우븐 | Y41: TUBE | Z41: Ra_LV2 | AA41: GU_LV2 | AB41: 2L 구조(튜브) | AC41: (다운백 없음) | AD41: (다운백 없음) | AE41: EU DUCK 8020 | AF41: 99G | AG41: 경량 | AH41: 650 | AI41: 경량패딩 | AJ41: 스탠다드 | AK41: 8000 | AL41: =AK41*L41 -> 1352000000 | AM41: =AK41*AO41 -> 5200 | AN41: =(AM41*L41)*92% -> 808496000 | AO41: =$AO$5 -> 0.65 | AQ41: 김병희
A42: =B42&I42 -> DWDJ72066 | B42: DWDJ72066 | C42: =MID(B42,3,5) -> DJ720 | D42: MAIN | E42: =MID($B42,2,1) -> W | F42: =MID($B42,3,2) -> DJ | G42: WINTER | H42: 여성 픽시버G 튜브 다운 경량패딩 | J42: =IF(B42=B41,"",1) -> 1 | K42: 2 | L42: 169000 | M42: 영보 | N42: PF-20918S-45 (P30D 평행 튜브) 4.5CM | O42: POLYESTER | P42: 100 | Q42: 30D | R42: 135G | S42: 442T | T42: Single L | V42: WR | X42: 우븐 | Y42: TUBE | Z42: Ra_LV2 | AA42: GU_LV2 | AB42: 2L 구조(튜브) | AC42: (다운백 없음) | AD42: (다운백 없음) | AE42: EU DUCK 8020 | AF42: 66G | AG42: 경량 | AH42: 650 | AI42: 경량패딩 | AJ42: 스탠다드 | AK42: 4000 | AL42: =AK42*L42 -> 676000000 | AM42: =AK42*AO42 -> 2600 | AN42: =(AM42*L42)*92% -> 404248000 | AO42: =$AO$5 -> 0.65 | AQ42: 김병희
A43: =B43&I43 -> DMDJ730661 | B43: DMDJ73066 | C43: =MID(B43,3,5) -> DJ730 | D43: MAIN | E43: =MID($B43,2,1) -> M | F43: =MID($B43,3,2) -> DJ | G43: WINTER | H43: 남성 디하스 U넥 튜브 다운 경량패딩 | I43: 1 | J43: =IF(B43=B42,"",1) -> 1 | K43: 2 | L43: 199000 | M43: 영보 | N43: PF-23032-11 (P30D 사각 튜브) 11CM | O43: POLYESTER | P43: 100 | Q43: 30D | R43: 135G | S43: 442T | T43: Single L | V43: WR | X43: 우븐 | Y43: TUBE | Z43: Ra_LV2 | AA43: GU_LV2 | AB43: 2L 구조(튜브) | AC43: (다운백 없음) | AD43: (다운백 없음) | AE43: EU DUCK 8020 | AF43: 125G | AG43: 중량 | AH43: 650 | AI43: 중량패딩 | AJ43: 스탠다드 | AK43: 6000 | AL43: =AK43*L43 -> 1194000000 | AM43: =AK43*AO43 -> 3900 | AN43: =(AM43*L43)*92% -> 714012000 | AO43: =$AO$5 -> 0.65 | AQ43: 김병희
A44: =B44&I44 -> DWDJ74066 | B44: DWDJ74066 | C44: =MID(B44,3,5) -> DJ740 | D44: MAIN | E44: =MID($B44,2,1) -> W | F44: =MID($B44,3,2) -> DJ | G44: WINTER | H44: 여성 디하스 U넥 튜브 다운 경량패딩 | J44: =IF(B44=B43,"",1) -> 1 | K44: 3 | L44: 199000 | M44: 영보 | N44: PF-23032-10 (P30D 사각 튜브) 10CM | O44: POLYESTER | P44: 100 | Q44: 30D | R44: 135G | S44: 442T | T44: Single L | V44: WR | X44: 우븐 | Y44: TUBE | Z44: Ra_LV2 | AA44: GU_LV2 | AB44: 2L 구조(튜브) | AC44: (다운백 없음) | AD44: (다운백 없음) | AE44: EU DUCK 8020 | AF44: 87G | AG44: 중량 | AH44: 650 | AI44: 중량패딩 | AJ44: 스탠다드 | AK44: 6800 | AL44: =AK44*L44 -> 1353200000 | AM44: =AK44*AO44 -> 4420 | AN44: =(AM44*L44)*92% -> 809213600 | AO44: =$AO$5 -> 0.65 | AQ44: 김병희
A45: =B45&I45 -> DMDJ790661 | B45: DMDJ79066 | C45: =MID(B45,3,5) -> DJ790 | D45: MAIN | E45: =MID($B45,2,1) -> M | F45: =MID($B45,3,2) -> DJ | G45: WINTER | H45: 남성 디하스 튜브 다운 경량패딩 | I45: 1 | J45: =IF(B45=B44,"",1) -> 1 | K45: 4 | L45: 279000 | M45: 영보 | N45: PF-23032-11 (P30D 사각 튜브) 11CM | O45: POLYESTER | P45: 100 | Q45: 30D | R45: 135G | S45: 442T | T45: Single L | V45: WR | X45: 우븐 | Y45: TUBE | Z45: Ra_LV2 | AA45: GU_LV2 | AB45: 2L 구조(튜브) | AC45: (다운백 없음) | AD45: (다운백 없음) | AE45: EU DUCK 8020 | AF45: 130G | AG45: 중량 | AH45: 650 | AI45: 중량패딩 | AJ45: 스탠다드 | AK45: 15500 | AL45: =AK45*L45 -> 4324500000 | AM45: =AK45*AO45 -> 10075 | AN45: =(AM45*L45)*92% -> 2586051000 | AO45: =$AO$5 -> 0.65 | AQ45: 김병희
A46: =B46&I46 -> DWDJ80066 | B46: DWDJ80066 | C46: =MID(B46,3,5) -> DJ800 | D46: MAIN | E46: =MID($B46,2,1) -> W | F46: =MID($B46,3,2) -> DJ | G46: WINTER | H46: 여성 디하스 튜브 다운 경량패딩 | J46: =IF(B46=B45,"",1) -> 1 | K46: 3 | L46: 279000 | M46: 영보 | N46: PF-23032-10 (P30D 사각 튜브) 10CM | O46: POLYESTER | P46: 100 | Q46: 30D | R46: 135G | S46: 442T | T46: Single L | V46: WR | X46: 우븐 | Y46: TUBE | Z46: Ra_LV2 | AA46: GU_LV2 | AB46: 2L 구조(튜브) | AC46: (다운백 없음) | AD46: (다운백 없음) | AE46: EU DUCK 8020 | AF46: 106G | AG46: 중량 | AH46: 650 | AI46: 중량패딩 | AJ46: 스탠다드 | AK46: 5500 | AL46: =AK46*L46 -> 1534500000 | AM46: =AK46*AO46 -> 3575 | AN46: =(AM46*L46)*92% -> 917631000 | AO46: =$AO$5 -> 0.65 | AQ46: 김병희
A47: =B47&I47 -> DMDJ810661 | B47: DMDJ81066 | C47: =MID(B47,3,5) -> DJ810 | D47: MAIN | E47: =MID($B47,2,1) -> M | F47: =MID($B47,3,2) -> DJ | G47: WINTER | H47: 남성 디하스 하이넥 튜브 다운 경량패딩 | I47: 1 | J47: =IF(B47=B46,"",1) -> 1 | K47: 2 | L47: 299000 | M47: 영보 | N47: PF-23032-11 (P30D 사각 튜브) 11CM | O47: POLYESTER | P47: 100 | Q47: 30D | R47: 135G | S47: 442T | T47: Single L | V47: WR | X47: 우븐 | Y47: TUBE | Z47: Ra_LV2 | AA47: GU_LV2 | AB47: 2L 구조(튜브) | AC47: (다운백 없음) | AD47: (다운백 없음) | AE47: EU DUCK 8020 | AF47: 135G | AG47: 중량 | AH47: 650 | AI47: 중량패딩 | AJ47: 스탠다드 | AK47: 4700 | AL47: =AK47*L47 -> 1405300000 | AM47: =AK47*AO47 -> 3055 | AN47: =(AM47*L47)*92% -> 840369400 | AO47: =$AO$5 -> 0.65 | AQ47: 김병희
A48: =B48&I48 -> DWDJ82066 | B48: DWDJ82066 | C48: =MID(B48,3,5) -> DJ820 | D48: MAIN | E48: =MID($B48,2,1) -> W | F48: =MID($B48,3,2) -> DJ | G48: WINTER | H48: 여성 디하스 하이넥 튜브 다운 경량패딩 | J48: =IF(B48=B47,"",1) -> 1 | K48: 2 | L48: 299000 | M48: 영보 | N48: PF-23032-10 (P30D 사각 튜브) 10CM | O48: POLYESTER | P48: 100 | Q48: 30D | R48: 135G | S48: 442T | T48: Single L | V48: WR | X48: 우븐 | Y48: TUBE | Z48: Ra_LV2 | AA48: GU_LV2 | AB48: 2L 구조(튜브) | AC48: (다운백 없음) | AD48: (다운백 없음) | AE48: EU DUCK 8020 | AF48: 105G | AG48: 중량 | AH48: 650 | AI48: 중량패딩 | AJ48: 스탠다드 | AK48: 4000 | AL48: =AK48*L48 -> 1196000000 | AM48: =AK48*AO48 -> 2600 | AN48: =(AM48*L48)*92% -> 715208000 | AO48: =$AO$5 -> 0.65 | AQ48: 김병희
A49: =B49&I49 -> DMDJ830661 | B49: DMDJ83066 | C49: =MID(B49,3,5) -> DJ830 | D49: MAIN | E49: =MID($B49,2,1) -> M | F49: =MID($B49,3,2) -> DJ | G49: WINTER | H49: 남성 티베른 튜브 구스다운 경량패딩 | I49: 1 | J49: =IF(B49=B48,"",1) -> 1 | K49: 2 | L49: 289000 | M49: 영보 | N49: PF-24028M (지그재그 9.5*9.5) | O49: POLYESTER | P49: 100 | Q49: 30D | R49: 135G | S49: 442T | T49: Single L | V49: WR | X49: 우븐 | Y49: TUBE | Z49: Ra_LV2 | AA49: GU_LV2 | AB49: 2L 구조(튜브) | AC49: (다운백 없음) | AD49: (다운백 없음) | AE49: EU GOOSE 8020 | AF49: 150G | AG49: 중량 | AH49: 650 | AI49: 중량패딩 | AJ49: 스탠다드 | AK49: 5700 | AL49: =AK49*L49 -> 1647300000 | AM49: =AK49*AO49 -> 3705 | AN49: =(AM49*L49)*92% -> 985085400 | AO49: =$AO$5 -> 0.65 | AQ49: 김병희
A50: =B50&I50 -> DWDJ84066 | B50: DWDJ84066 | C50: =MID(B50,3,5) -> DJ840 | D50: MAIN | E50: =MID($B50,2,1) -> W | F50: =MID($B50,3,2) -> DJ | G50: WINTER | H50: 여성 티베른 튜브 구스다운 경량패딩 | J50: =IF(B50=B49,"",1) -> 1 | K50: 2 | L50: 289000 | M50: 영보 | N50: PF-24028W (지그재그 튜브 9 * 9) | O50: POLYESTER | P50: 100 | Q50: 30D | R50: 135G | S50: 442T | T50: Single L | V50: WR | X50: 우븐 | Y50: TUBE | Z50: Ra_LV2 | AA50: GU_LV2 | AB50: 2L 구조(튜브) | AC50: (다운백 없음) | AD50: (다운백 없음) | AE50: EU GOOSE 8020 | AF50: 110G | AG50: 중량 | AH50: 650 | AI50: 중량패딩 | AJ50: 세미크롭 | AK50: 6000 | AL50: =AK50*L50 -> 1734000000 | AM50: =AK50*AO50 -> 3900 | AN50: =(AM50*L50)*92% -> 1036932000 | AO50: =$AO$5 -> 0.65 | AQ50: 김병희
A51: =B51&I51 -> DWDJ860661 | B51: DWDJ86066 | C51: =MID(B51,3,5) -> DJ860 | D51: MAIN | E51: =MID($B51,2,1) -> W | F51: =MID($B51,3,2) -> DJ | G51: WINTER | H51: 여성 티베른 하이넥 튜브 구스다운 경량패딩 | I51: 1 | J51: =IF(B51=B50,"",1) -> 1 | K51: 2 | L51: 279000 | M51: 영보 | N51: PF-24028W (지그재그 튜브 9 * 9) | O51: POLYESTER | P51: 100 | Q51: 30D | R51: 135G | S51: 442T | T51: Single L | V51: WR | X51: 우븐 | Y51: TUBE | Z51: Ra_LV2 | AA51: GU_LV2 | AB51: 2L 구조(튜브) | AC51: (다운백 없음) | AD51: (다운백 없음) | AE51: EU GOOSE 8020 | AF51: 95G | AG51: 중량 | AH51: 650 | AI51: 중량패딩 | AJ51: 크롭 | AK51: 3500 | AL51: =AK51*L51 -> 976500000 | AM51: =AK51*AO51 -> 2275 | AN51: =(AM51*L51)*92% -> 583947000 | AO51: =$AO$5 -> 0.65 | AQ51: 엄윤재
A52: DMDJ83166 | B52: DMDJ83166 | C52: DJ831 | D52: MAIN | E52: =MID($B52,2,1) -> M | F52: =MID($B52,3,2) -> DJ | G52: WINTER | H52: 남성 티베른 구스다운 경량패딩 (벨벳) | J52: 1 | K52: 2 | L52: 289000 | M52: 덕성 | N52: SOLID PU-1002 | O52: POLYURETHANE | P52: 100 | Q52: 30D | R52: 90G | S52: 320T | T52: Single L | X52: 우븐 | Y52: PLAIN | Z52: RA_LV3 | AA52: GU_LV4 | AB52: 4L 구조 | AC52: 20D | AD52: 400T | AE52: EU GOOSE 8020 | AF52: 150G | AG52: 중량 | AH52: 650 | AI52: 중량패딩 | AJ52: 스탠다드 | AK52: 4300 | AL52: =AK52*L52 -> 1242700000 | AM52: =AK52*AO52 -> 2795 | AN52: =(AM52*L52)*92% -> 743134600 | AO52: =$AO$5 -> 0.65 | AQ52: 김병희
A53: DWDJ84166 | B53: DWDJ84166 | C53: DJ841 | D53: MAIN | E53: =MID($B53,2,1) -> W | F53: =MID($B53,3,2) -> DJ | G53: WINTER | H53: 여성 티베른 구스다운 경량패딩 (벨벳) | J53: 1 | K53: 3 | L53: 289000 | M53: 덕성 | N53: SOLID PU-1002 | O53: POLYURETHANE | P53: 100 | Q53: 30D | R53: 90G | S53: 320T | T53: Single L | X53: 우븐 | Y53: PLAIN | Z53: RA_LV3 | AA53: GU_LV4 | AB53: 4L 구조 | AC53: 20D | AD53: 400T | AE53: EU GOOSE 8020 | AF53: 110G | AG53: 중량 | AH53: 650 | AI53: 중량패딩 | AJ53: 세미크롭 | AK53: 4500 | AL53: =AK53*L53 -> 1300500000 | AM53: =AK53*AO53 -> 2925 | AN53: =(AM53*L53)*92% -> 777699000 | AO53: =$AO$5 -> 0.65 | AQ53: 김병희
A54: =B54&I54 -> DMDJ8O0661 | B54: DMDJ8O066 | C54: =MID(B54,3,5) -> DJ8O0 | D54: MAIN | E54: =MID($B54,2,1) -> M | F54: =MID($B54,3,2) -> DJ | G54: WINTER | H54: 남성 픽토르U 구스다운 경량패딩 | I54: 1 | J54: =IF(B54=B51,"",1) -> 1 | K54: 4 | L54: 179000 | M54: FLOWTEX | N54: CJP-430P-ST | O54: NYLON | P54: 100 | Q54: 20D | R54: 53G | S54: 398T | T54: Single L | V54: WR | X54: 우븐 | Y54: PLAIN | Z54: RA_LV3 | AA54: GU_LV2 | AB54: 4L 구조 | AC54: 20D | AD54: 400T | AE54: EU GOOSE 8020 | AF54: 90G | AG54: 경량 | AH54: 650 | AI54: 경량패딩 | AJ54: 스탠다드 | AK54: 16000 | AL54: =AK54*L54 -> 2864000000 | AM54: =AK54*AO54 -> 10400 | AN54: =(AM54*L54)*92% -> 1712672000 | AO54: =$AO$5 -> 0.65 | AQ54: 김병희
A55: =B55&I55 -> DWDJ8P066 | B55: DWDJ8P066 | C55: =MID(B55,3,5) -> DJ8P0 | D55: MAIN | E55: =MID($B55,2,1) -> W | F55: =MID($B55,3,2) -> DJ | G55: WINTER | H55: 여성 픽토르U 구스다운 경량패딩 | J55: =IF(B55=B54,"",1) -> 1 | K55: 4 | L55: 179000 | M55: FLOWTEX | N55: CJP-430P-ST | O55: NYLON | P55: 100 | Q55: 20D | R55: 53G | S55: 398T | T55: Single L | V55: WR | X55: 우븐 | Y55: PLAIN | Z55: RA_LV3 | AA55: GU_LV2 | AB55: 4L 구조 | AC55: 20D | AD55: 400T | AE55: EU GOOSE 8020 | AF55: 75G | AG55: 경량 | AH55: 650 | AI55: 경량패딩 | AJ55: 세미크롭 | AK55: 18000 | AL55: =AK55*L55 -> 3222000000 | AM55: =AK55*AO55 -> 11700 | AN55: =(AM55*L55)*92% -> 1926756000 | AO55: =$AO$5 -> 0.65 | AQ55: 김병희
A56: =B56&I56 -> DMDJ610661 | B56: DMDJ61066 | C56: =MID(B56,3,5) -> DJ610 | D56: MAIN | E56: =MID($B56,2,1) -> M | F56: =MID($B56,3,2) -> DJ | G56: WINTER | H56: 남성 레스터G 구스다운 숏패딩 (기본) | I56: 1 | J56: =IF(B56=B55,"",1) -> 1 | K56: 5 | L56: 379000 | M56: 원창 | N56: D1417-34C20 | O56: POLYESTER | P56: 100 | Q56: 75D | R56: 108G | S56: 218T | T56: 2L | U56: 15mic | X56: 우븐 | Y56: PLAIN | Z56: Ra_LV2 | AA56: GU_LV2 | AB56: 4L 구조 | AC56: 30D | AD56: 360T | AE56: EU GOOSE 8020 | AF56: 265G | AG56: 헤비 | AH56: 650 | AI56: 숏패딩 | AJ56: 스탠다드 | AK56: 30000 | AL56: =AK56*L56 -> 11370000000 | AM56: =AK56*AO56 -> 19500 | AN56: =(AM56*L56)*92% -> 6799260000 | AO56: =$AO$5 -> 0.65 | AQ56: 김병희
A57: =B57&I57 -> DMDJ61166 | B57: DMDJ61166 | C57: =MID(B57,3,5) -> DJ611 | D57: MAIN | E57: =MID($B57,2,1) -> M | F57: =MID($B57,3,2) -> DJ | G57: WINTER | H57: 남성 레스터G 구스다운 숏패딩 (벨벳) | J57: =IF(B57=B56,"",1) -> 1 | K57: 2 | L57: 379000 | M57: 덕성 | N57: SOLID PU-1002 | O57: POLYURETHANE | P57: 100 | Q57: 30D | R57: 90G | S57: 320T | T57: Single L | X57: 우븐 | Y57: PLAIN | Z57: RA_LV3 | AA57: GU_LV4 | AB57: 4L 구조 | AC57: 20D | AD57: 400T | AE57: EU GOOSE 8020 | AF57: 265G | AG57: 헤비 | AH57: 650 | AI57: 숏패딩 | AJ57: 스탠다드 | AK57: 5500 | AL57: =AK57*L57 -> 2084500000 | AM57: =AK57*AO57 -> 3575 | AN57: =(AM57*L57)*92% -> 1246531000 | AO57: =$AO$5 -> 0.65 | AQ57: 김병희
A58: =B58&I58 -> DWDJ62066 | B58: DWDJ62066 | C58: =MID(B58,3,5) -> DJ620 | D58: MAIN | E58: =MID($B58,2,1) -> W | F58: =MID($B58,3,2) -> DJ | G58: WINTER | H58: 여성 레스터G 구스다운 숏패딩 (기본) | J58: =IF(B58=B57,"",1) -> 1 | K58: 4 | L58: 379000 | M58: 원창 | N58: D1417-34C20 | O58: POLYESTER | P58: 100 | Q58: 75D | R58: 108G | S58: 218T | T58: 2L | U58: 15mic | X58: 우븐 | Y58: PLAIN | Z58: Ra_LV2 | AA58: GU_LV2 | AB58: 4L 구조 | AC58: 30D | AD58: 360T | AE58: EU GOOSE 8020 | AF58: 215G | AG58: 헤비 | AH58: 650 | AI58: 숏패딩 | AJ58: 스탠다드 | AK58: 20000 | AL58: =AK58*L58 -> 7580000000 | AM58: =AK58*AO58 -> 13000 | AN58: =(AM58*L58)*92% -> 4532840000 | AO58: =$AO$5 -> 0.65 | AQ58: 김병희
A59: =B59&I59 -> DWDJ62166 | B59: DWDJ62166 | C59: =MID(B59,3,5) -> DJ621 | D59: MAIN | E59: =MID($B59,2,1) -> W | F59: =MID($B59,3,2) -> DJ | G59: WINTER | H59: 여성 레스터G 구스다운 숏패딩 (벨벳) | J59: =IF(B59=B58,"",1) -> 1 | K59: 2 | L59: 379000 | M59: 덕성 | N59: SOLID PU-1002 | O59: POLYURETHANE | P59: 100 | Q59: 30D | R59: 90G | S59: 320T | T59: Single L | X59: 우븐 | Y59: PLAIN | Z59: RA_LV3 | AA59: GU_LV4 | AB59: 4L 구조 | AC59: 20D | AD59: 400T | AE59: EU GOOSE 8020 | AF59: 215G | AG59: 헤비 | AH59: 650 | AI59: 숏패딩 | AJ59: 스탠다드 | AK59: 6000 | AL59: =AK59*L59 -> 2274000000 | AM59: =AK59*AO59 -> 3900 | AN59: =(AM59*L59)*92% -> 1359852000 | AO59: =$AO$5 -> 0.65 | AQ59: 김병희
A60: =B60&I60 -> DMDJ63066 | B60: DMDJ63066 | C60: =MID(B60,3,5) -> DJ630 | D60: MAIN | E60: =MID($B60,2,1) -> M | F60: =MID($B60,3,2) -> DJ | G60: WINTER | H60: 남성 레스터G 하이넥 구스다운 숏패딩 | J60: =IF(B60=B59,"",1) -> 1 | K60: 4 | L60: 369000 | M60: 원창 | N60: D1417-34C20 | O60: POLYESTER | P60: 100 | Q60: 75D | R60: 108G | S60: 218T | T60: 2L | U60: 15mic | X60: 우븐 | Y60: PLAIN | Z60: Ra_LV2 | AA60: GU_LV2 | AB60: 4L 구조 | AC60: 30D | AD60: 360T | AE60: EU GOOSE 8020 | AF60: 232G | AG60: 헤비 | AH60: 650 | AI60: 숏패딩 | AJ60: 스탠다드 | AK60: 16000 | AL60: =AK60*L60 -> 5904000000 | AM60: =AK60*AO60 -> 10400 | AN60: =(AM60*L60)*92% -> 3530592000 | AO60: =$AO$5 -> 0.65 | AQ60: 김병희
A61: =B61&I61 -> DWDJ64066 | B61: DWDJ64066 | C61: =MID(B61,3,5) -> DJ640 | D61: MAIN | E61: =MID($B61,2,1) -> W | F61: =MID($B61,3,2) -> DJ | G61: WINTER | H61: 여성 레스터G 하이넥 구스다운 숏패딩 | J61: =IF(B61=B60,"",1) -> 1 | K61: 3 | L61: 369000 | M61: 원창 | N61: D1417-34C20 | O61: POLYESTER | P61: 100 | Q61: 75D | R61: 108G | S61: 218T | T61: 2L | U61: 15mic | X61: 우븐 | Y61: PLAIN | Z61: Ra_LV2 | AA61: GU_LV2 | AB61: 4L 구조 | AC61: 30D | AD61: 360T | AE61: EU GOOSE 8020 | AF61: 182G | AG61: 헤비 | AH61: 650 | AI61: 숏패딩 | AJ61: 스탠다드 | AK61: 8000 | AL61: =AK61*L61 -> 2952000000 | AM61: =AK61*AO61 -> 5200 | AN61: =(AM61*L61)*92% -> 1765296000 | AO61: =$AO$5 -> 0.65 | AQ61: 김병희
A62: =B62&I62 -> DMDJ67066 | B62: DMDJ67066 | C62: =MID(B62,3,5) -> DJ670 | D62: MAIN | E62: =MID($B62,2,1) -> M | F62: =MID($B62,3,2) -> DJ | G62: WINTER | H62: 남성 레스터G 구스다운 롱패딩 | J62: =IF(B62=B61,"",1) -> 1 | K62: 3 | L62: 439000 | M62: 원창 | N62: D1417-34C20 | O62: POLYESTER | P62: 100 | Q62: 75D | R62: 108G | S62: 218T | T62: 2L | U62: 15mic | X62: 우븐 | Y62: PLAIN | Z62: Ra_LV2 | AA62: GU_LV2 | AB62: 4L 구조 | AC62: 30D | AD62: 360T | AE62: EU GOOSE 8020 | AF62: 355G | AG62: 헤비 | AH62: 650 | AI62: 롱패딩 | AJ62: 롱 | AK62: 11800 | AL62: =AK62*L62 -> 5180200000 | AM62: =AK62*AO62 -> 7670 | AN62: =(AM62*L62)*92% -> 3097759600 | AO62: =$AO$5 -> 0.65 | AQ62: 김병희
A63: =B63&I63 -> DWDJ68066 | B63: DWDJ68066 | C63: =MID(B63,3,5) -> DJ680 | D63: MAIN | E63: =MID($B63,2,1) -> W | F63: =MID($B63,3,2) -> DJ | G63: WINTER | H63: 여성 레스터G 구스다운 롱패딩 | J63: =IF(B63=B62,"",1) -> 1 | K63: 4 | L63: 439000 | M63: 원창 | N63: D1417-34C20 | O63: POLYESTER | P63: 100 | Q63: 75D | R63: 108G | S63: 218T | T63: 2L | U63: 15mic | X63: 우븐 | Y63: PLAIN | Z63: Ra_LV2 | AA63: GU_LV2 | AB63: 4L 구조 | AC63: 30D | AD63: 360T | AE63: EU GOOSE 8020 | AF63: 275G | AG63: 헤비 | AH63: 650 | AI63: 롱패딩 | AJ63: 롱 | AK63: 22000 | AL63: =AK63*L63 -> 9658000000 | AM63: =AK63*AO63 -> 14300 | AN63: =(AM63*L63)*92% -> 5775484000 | AO63: =$AO$5 -> 0.65 | AQ63: 김병희
A64: =B64&I64 -> DXDJ8C0661 | B64: DXDJ8C066 | C64: =MID(B64,3,5) -> DJ8C0 | D64: MAIN | E64: =MID($B64,2,1) -> X | F64: =MID($B64,3,2) -> DJ | G64: WINTER | H64: 유니 반슬리 다운 숏패딩 (기본) | I64: 1 | J64: =IF(B64=B63,"",1) -> 1 | K64: 3 | L64: 299000 | M64: KIS | N64: KP-4039 | O64: POLYESTER | P64: 100 | Q64: 50D | R64: 75G | S64: 239T | T64: 2L | U64: 8mic | V64: DWR | X64: 우븐 | Y64: PLAIN | Z64: Ra_LV2 | AA64: GU_LV2 | AB64: 4L 구조 | AC64: 30D | AD64: 360T | AE64: EU DUCK 8020 | AF64: 250G | AG64: 헤비 | AH64: 650 | AI64: 숏패딩 | AJ64: 스탠다드 | AK64: 13300 | AL64: =AK64*L64 -> 3976700000 | AM64: =AK64*AO64 -> 8645 | AN64: =(AM64*L64)*92% -> 2378066600 | AO64: =$AO$5 -> 0.65 | AQ64: 김병희
A65: =B65&I65 -> DXDJ8C166 | B65: DXDJ8C166 | C65: =MID(B65,3,5) -> DJ8C1 | D65: MAIN | E65: =MID($B65,2,1) -> X | F65: =MID($B65,3,2) -> DJ | G65: WINTER | H65: 유니 반슬리 다운 숏패딩 (유광) | J65: =IF(B65=B64,"",1) -> 1 | K65: 3 | L65: 299000 | M65: KIS | N65: MC-2572 FC | O65: POLYESTER | P65: 100 | Q65: 25D | R65: 53G | S65: 444T | T65: Single L | V65: DWR,CIRE | X65: 우븐 | Y65: PLAIN | Z65: Ra_LV1 | AA65: GU_LV4 | AB65: 4L 구조 | AC65: 20D | AD65: 400T | AE65: EU DUCK 8020 | AF65: 250G | AG65: 헤비 | AH65: 650 | AI65: 숏패딩 | AJ65: 스탠다드 | AK65: 8300 | AL65: =AK65*L65 -> 2481700000 | AM65: =AK65*AO65 -> 5395 | AN65: =(AM65*L65)*92% -> 1484056600 | AO65: =$AO$5 -> 0.65 | AQ65: 김병희
A66: =B66&I66 -> DWDJ8D066 | B66: DWDJ8D066 | C66: =MID(B66,3,5) -> DJ8D0 | D66: MAIN | E66: =MID($B66,2,1) -> W | F66: =MID($B66,3,2) -> DJ | G66: WINTER | H66: 여성 반슬리 다운 크롭 숏패딩 (기본) | J66: =IF(B66=B65,"",1) -> 1 | K66: 2 | L66: 299000 | M66: KIS | N66: KP-4039 | O66: POLYESTER | P66: 100 | Q66: 50D | R66: 75G | S66: 239T | T66: 2L | U66: 8mic | V66: DWR | X66: 우븐 | Y66: PLAIN | Z66: Ra_LV2 | AA66: GU_LV2 | AB66: 4L 구조 | AC66: 30D | AD66: 360T | AE66: EU DUCK 8020 | AF66: 180G | AG66: 헤비 | AH66: 650 | AI66: 크롭패딩 | AJ66: 크롭 | AK66: 5000 | AL66: =AK66*L66 -> 1495000000 | AM66: =AK66*AO66 -> 3250 | AN66: =(AM66*L66)*92% -> 894010000 | AO66: =$AO$5 -> 0.65 | AQ66: 김병희
A67: =B67&I67 -> DWDJ8D166 | B67: DWDJ8D166 | C67: =MID(B67,3,5) -> DJ8D1 | D67: MAIN | E67: =MID($B67,2,1) -> W | F67: =MID($B67,3,2) -> DJ | G67: WINTER | H67: 여성 반슬리 다운 크롭 숏패딩 (유광) | J67: =IF(B67=B66,"",1) -> 1 | K67: 3 | L67: 299000 | M67: KIS | N67: MC-2572 FC | O67: POLYESTER | P67: 100 | Q67: 25D | R67: 53G | S67: 444T | T67: Single L | V67: DWR,CIRE | X67: 우븐 | Y67: PLAIN | Z67: Ra_LV1 | AA67: GU_LV4 | AB67: 4L 구조 | AC67: 20D | AD67: 400T | AE67: EU DUCK 8020 | AF67: 180G | AG67: 헤비 | AH67: 650 | AI67: 크롭패딩 | AJ67: 크롭 | AK67: 4500 | AL67: =AK67*L67 -> 1345500000 | AM67: =AK67*AO67 -> 2925 | AN67: =(AM67*L67)*92% -> 804609000 | AO67: =$AO$5 -> 0.65 | AQ67: 김병희
A68: =B68&I68 -> DXDJ8i066 | B68: DXDJ8i066 | C68: =MID(B68,3,5) -> DJ8i0 | D68: MAIN | E68: =MID($B68,2,1) -> X | F68: =MID($B68,3,2) -> DJ | G68: WINTER | H68: 유니 반슬리 후드 다운 숏패딩 (유광) | J68: =IF(B68=B67,"",1) -> 1 | K68: 3 | L68: 299000 | M68: KIS | N68: MC-2572 FC | O68: POLYESTER | P68: 100 | Q68: 25D | R68: 53G | S68: 444T | T68: Single L | V68: DWR,CIRE | X68: 우븐 | Y68: PLAIN | Z68: Ra_LV1 | AA68: GU_LV4 | AB68: 4L 구조 | AC68: 20D | AD68: 400T | AE68: EU DUCK 8020 | AF68: 275G | AG68: 헤비 | AH68: 650 | AI68: 숏패딩 | AJ68: 스탠다드 | AK68: 6300 | AL68: =AK68*L68 -> 1883700000 | AM68: =AK68*AO68 -> 4095 | AN68: =(AM68*L68)*92% -> 1126452600 | AO68: =$AO$5 -> 0.65 | AQ68: 김병희
A69: =B69&I69 -> DMDJ8E066 | B69: DMDJ8E066 | C69: =MID(B69,3,5) -> DJ8E0 | D69: MAIN | E69: =MID($B69,2,1) -> M | F69: =MID($B69,3,2) -> DJ | G69: WINTER | H69: 남성 반슬리 다운 롱패딩 | J69: =IF(B69=B68,"",1) -> 1 | K69: 1 | L69: 359000 | M69: KIS | N69: KP-4039 | O69: POLYESTER | P69: 100 | Q69: 50D | R69: 75G | S69: 239T | T69: 2L | U69: 8mic | V69: DWR | X69: 우븐 | Y69: PLAIN | Z69: Ra_LV2 | AA69: GU_LV2 | AB69: 4L 구조 | AC69: 30D | AD69: 360T | AE69: EU DUCK 8020 | AF69: 390G | AG69: 헤비 | AH69: 650 | AI69: 롱패딩 | AJ69: 롱 | AK69: 3500 | AL69: =AK69*L69 -> 1256500000 | AM69: =AK69*AO69 -> 2275 | AN69: =(AM69*L69)*92% -> 751387000 | AO69: =$AO$5 -> 0.65 | AQ69: 김병희
A70: =B70&I70 -> DWDJ8F066 | B70: DWDJ8F066 | C70: =MID(B70,3,5) -> DJ8F0 | D70: MAIN | E70: =MID($B70,2,1) -> W | F70: =MID($B70,3,2) -> DJ | G70: WINTER | H70: 여성 반슬리 다운 롱패딩 | J70: =IF(B70=B69,"",1) -> 1 | K70: 2 | L70: 359000 | M70: KIS | N70: KP-4039 | O70: POLYESTER | P70: 100 | Q70: 50D | R70: 75G | S70: 239T | T70: 2L | U70: 8mic | V70: DWR | X70: 우븐 | Y70: PLAIN | Z70: Ra_LV2 | AA70: GU_LV2 | AB70: 4L 구조 | AC70: 30D | AD70: 360T | AE70: EU DUCK 8020 | AF70: 300G | AG70: 헤비 | AH70: 650 | AI70: 롱패딩 | AJ70: 롱 | AK70: 7500 | AL70: =AK70*L70 -> 2692500000 | AM70: =AK70*AO70 -> 4875 | AN70: =(AM70*L70)*92% -> 1610115000 | AO70: =$AO$5 -> 0.65 | AQ70: 김병희
A71: =B71&I71 -> DMDJ6A0661 | B71: DMDJ6A066 | C71: =MID(B71,3,5) -> DJ6A0 | D71: MAIN | E71: =MID($B71,2,1) -> M | F71: =MID($B71,3,2) -> DJ | G71: WINTER | H71: 남성 베른 구스다운 숏패딩 (기본) | I71: 1 | J71: =IF(B71=B70,"",1) -> 1 | K71: 4 | L71: 399000 | M71: TOPTEX | N71: TP00-0343 | O71: POLYESTER | P71: 100 | Q71: 25D | R71: 50G | S71: 300T | T71: Single L | V71: WR | X71: 우븐 | Y71: PLAIN | Z71: Ra_LV1 | AA71: GU_LV3 | AB71: 4L 구조 | AC71: 20D | AD71: 400T | AE71: EU GOOSE 8020 | AF71: 287G | AG71: 헤비 | AH71: 650 | AI71: 숏패딩 | AJ71: 스탠다드 | AK71: 8100 | AL71: =AK71*L71 -> 3231900000 | AM71: =AK71*AO71 -> 5265 | AN71: =(AM71*L71)*92% -> 1932676200 | AO71: =$AO$5 -> 0.65 | AQ71: 김병희
A72: =B72&I72 -> DMDJ6A166 | B72: DMDJ6A166 | C72: =MID(B72,3,5) -> DJ6A1 | D72: MAIN | E72: =MID($B72,2,1) -> M | F72: =MID($B72,3,2) -> DJ | G72: WINTER | H72: 남성 베른 구스다운 숏패딩 (소재MIX) | J72: =IF(B72=B71,"",1) -> 1 | K72: 2 | L72: 399000 | M72: TOPTEX | N72: TP00-0343 | O72: POLYESTER | P72: 100 | Q72: 25D | R72: 50G | S72: 300T | T72: Single L | V72: WR | X72: 우븐 | Y72: PLAIN | Z72: Ra_LV1 | AA72: GU_LV3 | AB72: 4L 구조 | AC72: 20D | AD72: 400T | AE72: EU GOOSE 8020 | AF72: 287G | AG72: 헤비 | AH72: 650 | AI72: 숏패딩 | AJ72: 스탠다드 | AK72: 2300 | AL72: =AK72*L72 -> 917700000 | AM72: =AK72*AO72 -> 1495 | AN72: =(AM72*L72)*92% -> 548784600 | AO72: =$AO$5 -> 0.65 | AQ72: 김병희
A73: =B73&I73 -> DXDJ6C066 | B73: DXDJ6C066 | C73: =MID(B73,3,5) -> DJ6C0 | D73: MAIN | E73: =MID($B73,2,1) -> X | F73: =MID($B73,3,2) -> DJ | G73: WINTER | H73: 유니 베른 구스다운 롱패딩 | J73: =IF(B73=B72,"",1) -> 1 | K73: 2 | L73: 499000 | M73: TOPTEX | N73: TP00-0343 | O73: POLYESTER | P73: 100 | Q73: 25D | R73: 50G | S73: 300T | T73: Single L | V73: WR | X73: 우븐 | Y73: PLAIN | Z73: Ra_LV1 | AA73: GU_LV3 | AB73: 4L 구조 | AC73: 20D | AD73: 400T | AE73: EU GOOSE 8020 | AF73: 380G | AG73: 헤비 | AH73: 650 | AI73: 롱패딩 | AJ73: 롱 | AK73: 2500 | AL73: =AK73*L73 -> 1247500000 | AM73: =AK73*AO73 -> 1625 | AN73: =(AM73*L73)*92% -> 746005000 | AO73: =$AO$5 -> 0.65 | AQ73: 김병희
A74: =B74&I74 -> DMDJ550661 | B74: DMDJ55066 | C74: =MID(B74,3,5) -> DJ550 | D74: MAIN | E74: =MID($B74,2,1) -> M | F74: =MID($B74,3,2) -> DJ | G74: WINTER | H74: 남성 리조트 구스다운 숏패딩 | I74: 1 | J74: =IF(B74=B73,"",1) -> 1 | K74: 3 | L74: 419000 | M74: 플레이트 | N74: GL-151C | O74: NYLON/POLYURETHANE | P74: 88/12 | Q74: 70D | R74: 172G | S74: 305T | T74: 2L | U74: 20mic | X74: 우븐 | Y74: TWILL | Z74: Ra_LV2 | AA74: GU_LV2 | AB74: 4L 구조 | AC74: 20D | AD74: 400T | AE74: EU GOOSE 8020 | AF74: 200G | AG74: 헤비 | AH74: 650 | AI74: 숏패딩 | AJ74: 스탠다드 | AK74: 6000 | AL74: =AK74*L74 -> 2514000000 | AM74: =AK74*AO74 -> 3900 | AN74: =(AM74*L74)*92% -> 1503372000 | AO74: =$AO$5 -> 0.65 | AQ74: 허석민
A75: =B75&I75 -> DMDJ6E0661 | B75: DMDJ6E066 | C75: =MID(B75,3,5) -> DJ6E0 | D75: MAIN | E75: =MID($B75,2,1) -> M | F75: =MID($B75,3,2) -> DJ | G75: WINTER | H75: 남성 소재MIX 구스다운 경량패딩 | I75: 1 | J75: =IF(B75=B74,"",1) -> 1 | K75: 2 | L75: 279000 | M75: TOPTEX | N75: TP00-0343 | O75: POLYESTER | P75: 100 | Q75: 25D | R75: 50G | S75: 300T | T75: Single L | V75: WR | X75: 우븐 | Y75: PLAIN | Z75: Ra_LV1 | AA75: GU_LV3 | AB75: 4L 구조 | AC75: 20D | AD75: 400T | AE75: EU GOOSE 8020 | AF75: 130G | AG75: 중량 | AH75: 650 | AI75: 경량패딩 | AJ75: 스탠다드 | AK75: 4500 | AL75: =AK75*L75 -> 1255500000 | AM75: =AK75*AO75 -> 2925 | AN75: =(AM75*L75)*92% -> 750789000 | AO75: =$AO$5 -> 0.65 | AQ75: 김병희
A76: =B76&I76 -> DMDJ6i0661 | B76: DMDJ6i066 | C76: =MID(B76,3,5) -> DJ6i0 | D76: MAIN | E76: =MID($B76,2,1) -> M | F76: =MID($B76,3,2) -> DJ | G76: WINTER | H76: 남성 소프트 플리스 다운 숏패딩 | I76: 1 | J76: =IF(B76=B75,"",1) -> 1 | K76: 2 | L76: 299000 | M76: 라임 | N76: LS-7243 | O76: POLYESTER | P76: 100 | Q76: 75D | R76: 375G | S76: (니트소재 밀도 없음) | T76: Single L | X76: 니트 | Y76: BOA | Z76: Ra_LV5 | AA76: GU_LV2 | AB76: 4L 구조 | AC76: 20D | AD76: 400T | AE76: EU DUCK 8020 | AF76: 130G | AG76: 헤비 | AH76: 650 | AI76: 숏패딩 | AJ76: 스탠다드 | AK76: 4500 | AL76: =AK76*L76 -> 1345500000 | AM76: =AK76*AO76 -> 2925 | AN76: =(AM76*L76)*92% -> 804609000 | AO76: =$AO$5 -> 0.65 | AQ76: 김병희
A77: =B77&I77 -> DMDJ6K0661 | B77: DMDJ6K066 | C77: =MID(B77,3,5) -> DJ6K0 | D77: MAIN | E77: =MID($B77,2,1) -> M | F77: =MID($B77,3,2) -> DJ | G77: WINTER | H77: 남성 씬세틱 코듀로이 구스다운 숏패딩 | I77: 1 | J77: =IF(B77=B76,"",1) -> 1 | K77: 2 | L77: 399000 | M77: BKT | N77: BKW-WMS-421 | O77: POLYESTER | P77: 100 | Q77: 75D | R77: 392G | S77: (니트소재 밀도 없음) | T77: Single L | X77: 니트 | Y77: CODUROY | Z77: Ra_LV5 | AA77: GU_LV2 | AB77: 4L 구조 | AC77: 20D | AD77: 400T | AE77: EU GOOSE 8020 | AF77: 200G | AG77: 헤비 | AH77: 650 | AI77: 숏패딩 | AJ77: 스탠다드 | AK77: 5000 | AL77: =AK77*L77 -> 1995000000 | AM77: =AK77*AO77 -> 3250 | AN77: =(AM77*L77)*92% -> 1193010000 | AO77: =$AO$5 -> 0.65 | AQ77: 김병희
A78: =B78&I78 -> DMDJ6M0661 | B78: DMDJ6M066 | C78: =MID(B78,3,5) -> DJ6M0 | D78: MAIN | E78: =MID($B78,2,1) -> M | F78: =MID($B78,3,2) -> DJ | G78: WINTER | H78: 남성 웰니스 다운 숏패딩(세미매트) | I78: 1 | J78: =IF(B78=B77,"",1) -> 1 | K78: 3 | L78: 349000 | O78: NYLON | P78: 100 | Q78: 10D | R78: 29G | S78: 505T | T78: Single L | V78: WR | X78: 우븐 | Y78: RIPSTOP | Z78: Ra_LV2 | AA78: GU_LV2 | AB78: 2L 구조 | AC78: (다운백 없음) | AD78: (다운백 없음) | AE78: EU DUCK 9010 | AF78: 211G | AG78: 헤비 | AH78: 650 | AI78: 숏패딩 | AJ78: 스탠다드 | AK78: 6500 | AL78: =AK78*L78 -> 2268500000 | AM78: =AK78*AO78 -> 4225 | AN78: =(AM78*L78)*92% -> 1356563000 | AO78: =$AO$5 -> 0.65 | AQ78: 김병희
A79: =B79&I79 -> DMDJ6M166 | B79: DMDJ6M166 | C79: =MID(B79,3,5) -> DJ6M1 | D79: MAIN | E79: =MID($B79,2,1) -> M | F79: =MID($B79,3,2) -> DJ | G79: WINTER | H79: 남성 웰니스 다운 숏패딩(글로시) | J79: =IF(B79=B78,"",1) -> 1 | K79: 3 | L79: 349000 | O79: POLYESTER | P79: 100 | Q79: 10D | R79: 29G | S79: 505T | T79: Single L | V79: WR | X79: 우븐 | Y79: PLAIN | Z79: Ra_LV1 | AA79: GU_LV4 | AB79: 2L 구조 | AC79: (다운백 없음) | AD79: (다운백 없음) | AE79: EU DUCK 9010 | AF79: 211G | AG79: 헤비 | AH79: 650 | AI79: 숏패딩 | AJ79: 스탠다드 | AK79: 6500 | AL79: =AK79*L79 -> 2268500000 | AM79: =AK79*AO79 -> 4225 | AN79: =(AM79*L79)*92% -> 1356563000 | AO79: =$AO$5 -> 0.65 | AQ79: 김병희
A80: =B80&I80 -> DMDV710661 | B80: DMDV71066 | C80: =MID(B80,3,5) -> DV710 | D80: MAIN | E80: =MID($B80,2,1) -> M | F80: =MID($B80,3,2) -> DV | G80: WINTER | H80: 남성 픽시버G 튜브 다운 패딩베스트 | I80: 1 | J80: =IF(B80=B78,"",1) -> 1 | K80: 2 | L80: 129000 | M80: 영보 | N80: PF-20918S-45 (P30D 평행 튜브) 4.5CM | O80: POLYESTER | P80: 100 | Q80: 30D | R80: 135G | S80: 442T | T80: Single L | V80: WR | X80: 우븐 | Y80: TUBE | Z80: Ra_LV2 | AA80: GU_LV2 | AB80: 2L 구조(튜브) | AC80: (다운백 없음) | AD80: (다운백 없음) | AE80: EU DUCK 8020 | AF80: 70G | AG80: 경량 | AH80: 650 | AI80: 패딩베스트 | AJ80: 스탠다드 | AK80: 8000 | AL80: =AK80*L80 -> 1032000000 | AM80: =AK80*AO80 -> 5200 | AN80: =(AM80*L80)*92% -> 617136000 | AO80: =$AO$5 -> 0.65 | AQ80: 손주연
A81: =B81&I81 -> DWDV72066 | B81: DWDV72066 | C81: =MID(B81,3,5) -> DV720 | D81: MAIN | E81: =MID($B81,2,1) -> W | F81: =MID($B81,3,2) -> DV | G81: WINTER | H81: 여성 픽시버G 튜브 다운 패딩베스트 | J81: =IF(B81=B80,"",1) -> 1 | K81: 2 | L81: 129000 | M81: 영보 | N81: PF-20918S-45 (P30D 평행 튜브) 4.5CM | O81: POLYESTER | P81: 100 | Q81: 30D | R81: 135G | S81: 442T | T81: Single L | V81: WR | X81: 우븐 | Y81: TUBE | Z81: Ra_LV2 | AA81: GU_LV2 | AB81: 2L 구조(튜브) | AC81: (다운백 없음) | AD81: (다운백 없음) | AE81: EU DUCK 8020 | AF81: 46G | AG81: 경량 | AH81: 650 | AI81: 패딩베스트 | AJ81: 스탠다드 | AK81: 5000 | AL81: =AK81*L81 -> 645000000 | AM81: =AK81*AO81 -> 3250 | AN81: =(AM81*L81)*92% -> 385710000 | AO81: =$AO$5 -> 0.65 | AQ81: 손주연
A82: =B82&I82 -> DMDV730661 | B82: DMDV73066 | C82: =MID(B82,3,5) -> DV730 | D82: MAIN | E82: =MID($B82,2,1) -> M | F82: =MID($B82,3,2) -> DV | G82: WINTER | H82: 남성 디하스 튜브 다운 패딩베스트 | I82: 1 | J82: =IF(B82=B81,"",1) -> 1 | K82: 2 | L82: 149000 | M82: 영보 | N82: PF-23032-10 (P30D 사각 튜브) 10CM | O82: POLYESTER | P82: 100 | Q82: 30D | R82: 135G | S82: 442T | T82: Single L | V82: WR | X82: 우븐 | Y82: TUBE | Z82: Ra_LV2 | AA82: GU_LV2 | AB82: 2L 구조(튜브) | AC82: (다운백 없음) | AD82: (다운백 없음) | AE82: EU DUCK 8020 | AF82: 77G | AG82: 중량 | AH82: 650 | AI82: 패딩베스트 | AJ82: 스탠다드 | AK82: 7200 | AL82: =AK82*L82 -> 1072800000 | AM82: =AK82*AO82 -> 4680 | AN82: =(AM82*L82)*92% -> 641534400 | AO82: =$AO$5 -> 0.65 | AQ82: 손주연
A83: =B83&I83 -> DWDV74066 | B83: DWDV74066 | C83: =MID(B83,3,5) -> DV740 | D83: MAIN | E83: =MID($B83,2,1) -> W | F83: =MID($B83,3,2) -> DV | G83: WINTER | H83: 여성 디하스 튜브 다운 패딩베스트 | J83: =IF(B83=B82,"",1) -> 1 | K83: 3 | L83: 149000 | M83: 영보 | N83: PF-23032-10 (P30D 사각 튜브) 10CM | O83: POLYESTER | P83: 100 | Q83: 30D | R83: 135G | S83: 442T | T83: Single L | V83: WR | X83: 우븐 | Y83: TUBE | Z83: Ra_LV2 | AA83: GU_LV2 | AB83: 2L 구조(튜브) | AC83: (다운백 없음) | AD83: (다운백 없음) | AE83: EU DUCK 8020 | AF83: 63G | AG83: 중량 | AH83: 650 | AI83: 패딩베스트 | AJ83: 스탠다드 | AK83: 5300 | AL83: =AK83*L83 -> 789700000 | AM83: =AK83*AO83 -> 3445 | AN83: =(AM83*L83)*92% -> 472240600 | AO83: =$AO$5 -> 0.65 | AQ83: 손주연
A84: =B84&I84 -> DXDV750661 | B84: DXDV75066 | C84: =MID(B84,3,5) -> DV750 | D84: MAIN | E84: =MID($B84,2,1) -> X | F84: =MID($B84,3,2) -> DV | G84: WINTER | H84: 유니 반슬리 다운 패딩베스트 (기본) | I84: 1 | J84: =IF(B84=B83,"",1) -> 1 | K84: 2 | L84: 199000 | M84: KIS | N84: KP-4039 | O84: POLYESTER | P84: 100 | Q84: 50D | R84: 75G | S84: 239T | T84: 2L | U84: 8mic | V84: DWR | X84: 우븐 | Y84: PLAIN | Z84: Ra_LV2 | AA84: GU_LV2 | AB84: 4L 구조 | AC84: 30D | AD84: 360T | AE84: EU DUCK 8020 | AF84: 160G | AG84: 헤비 | AH84: 650 | AI84: 패딩베스트 | AJ84: 스탠다드 | AK84: 8000 | AL84: =AK84*L84 -> 1592000000 | AM84: =AK84*AO84 -> 5200 | AN84: =(AM84*L84)*92% -> 952016000 | AO84: =$AO$5 -> 0.65 | AQ84: 손주연
A85: =B85&I85 -> DXDV75166 | B85: DXDV75166 | C85: =MID(B85,3,5) -> DV751 | D85: MAIN | E85: =MID($B85,2,1) -> X | F85: =MID($B85,3,2) -> DV | G85: WINTER | H85: 유니 반슬리 다운 패딩베스트 (유광) | J85: =IF(B85=B84,"",1) -> 1 | K85: 2 | L85: 199000 | M85: KIS | N85: MC-2572 FC | O85: POLYESTER | P85: 100 | Q85: 25D | R85: 53G | S85: 444T | T85: Single L | V85: DWR,CIRE | X85: 우븐 | Y85: PLAIN | Z85: Ra_LV1 | AA85: GU_LV4 | AB85: 4L 구조 | AC85: 20D | AD85: 400T | AE85: EU DUCK 8020 | AF85: 160G | AG85: 헤비 | AH85: 650 | AI85: 패딩베스트 | AJ85: 스탠다드 | AK85: 3000 | AL85: =AK85*L85 -> 597000000 | AM85: =AK85*AO85 -> 1950 | AN85: =(AM85*L85)*92% -> 357006000 | AO85: =$AO$5 -> 0.65 | AQ85: 손주연
A86: =B86&I86 -> DXDV790661 | B86: DXDV79066 | C86: =MID(B86,3,5) -> DV790 | D86: MAIN | E86: =MID($B86,2,1) -> X | F86: =MID($B86,3,2) -> DV | G86: WINTER | H86: 유니 베른 다운 패딩베스트 | I86: 1 | J86: =IF(B86=B85,"",1) -> 1 | K86: 2 | L86: 259000 | M86: TOPTEX | N86: TP00-0343 | O86: POLYESTER | P86: 100 | Q86: 25D | R86: 50G | S86: 300T | T86: Single L | V86: WR | X86: 우븐 | Y86: PLAIN | Z86: Ra_LV1 | AA86: GU_LV3 | AB86: 4L 구조 | AC86: 20D | AD86: 400T | AE86: EU DUCK 8020 | AF86: 200G | AG86: 헤비 | AH86: 650 | AI86: 패딩베스트 | AJ86: 스탠다드 | AK86: 5500 | AL86: =AK86*L86 -> 1424500000 | AM86: =AK86*AO86 -> 3575 | AN86: =(AM86*L86)*92% -> 851851000 | AO86: =$AO$5 -> 0.65 | AQ86: 손주연
A87: =B87&I87 -> DWDV910661 | B87: DWDV91066 | C87: =MID(B87,3,5) -> DV910 | D87: MAIN | E87: =MID($B87,2,1) -> W | F87: =MID($B87,3,2) -> DV | G87: WINTER | H87: 여성 올리브 크롭 다운 패딩베스트 (기본) | I87: 1 | J87: =IF(B87=B86,"",1) -> 1 | K87: 2 | L87: 189000 | M87: 원창 | N87: CVST230218C-01 | O87: POLYESTER | P87: 100 | Q87: 50D | R87: 70G | S87: 239T | T87: 2L | U87: 7mic | X87: 우븐 | Y87: PLAIN | Z87: Ra_LV2 | AA87: GU_LV2 | AB87: 4L 구조 | AC87: 20D | AD87: 400T | AE87: EU DUCK 8020 | AF87: 95G | AG87: 헤비 | AH87: 650 | AI87: 패딩베스트 | AJ87: 크롭 | AK87: 3000 | AL87: =AK87*L87 -> 567000000 | AM87: =AK87*AO87 -> 1950 | AN87: =(AM87*L87)*92% -> 339066000 | AO87: =$AO$5 -> 0.65 | AQ87: 엄윤재
A88: =B88&I88 -> DWDV91166 | B88: DWDV91166 | C88: =MID(B88,3,5) -> DV911 | D88: MAIN | E88: =MID($B88,2,1) -> W | F88: =MID($B88,3,2) -> DV | G88: WINTER | H88: 여성 올리브 크롭 다운 패딩베스트 (플리스) | J88: =IF(B88=B87,"",1) -> 1 | K88: 2 | L88: 199000 | M88: KOA | N88: KA2508-01C | O88: POLYESTER | P88: 100 | Q88: 75D | R88: 370G | S88: (니트소재 밀도 없음) | T88: =T19 -> Single L | X88: 니트 | Y88: BOA | Z88: Ra_LV5 | AA88: GU_LV2 | AB88: 4L 구조 | AC88: 20D | AD88: 400T | AE88: EU DUCK 8020 | AF88: 85G | AG88: 헤비 | AH88: 650 | AI88: 패딩베스트 | AJ88: 크롭 | AK88: 2500 | AL88: =AK88*L88 -> 497500000 | AM88: =AK88*AO88 -> 1625 | AN88: =(AM88*L88)*92% -> 297505000 | AO88: =$AO$5 -> 0.65 | AQ88: 엄윤재
A89: =B89&I89 -> DWPD480661 | B89: DWPD48066 | C89: =MID(B89,3,5) -> PD480 | D89: MAIN | E89: =MID($B89,2,1) -> W | F89: =MID($B89,3,2) -> PD | G89: WINTER | H89: 여성 크롭 볼 패딩 | I89: 1 | J89: =IF(B89=B88,"",1) -> 1 | K89: 3 | L89: 199000 | M89: 네오드림 | N89: NEO-K26F19 | O89: NYLON | P89: 100 | Q89: 10D | R89: 34G | S89: 499T | T89: Single L | X89: 우븐 | Y89: RIPSTOP | Z89: Ra_LV2 | AA89: GU_LV4 | AB89: 2L 구조 | AC89: (다운백 없음) | AD89: (다운백 없음) | AE89: SynCloud Ball Insulation | AF89: 110G | AG89: 경량 | AI89: 경량패딩 | AJ89: 크롭 | AK89: =2500+1200+1200 -> 4900 | AL89: =AK89*L89 -> 975100000 | AM89: =AK89*AO89 -> 3185 | AN89: =(AM89*L89)*92% -> 583109800 | AO89: =$AO$5 -> 0.65 | AQ89: 손주연
A90: =B90&I90 -> DMPD3A0661 | B90: DMPD3A066 | C90: =MID(B90,3,5) -> PD3A0 | D90: MAIN | E90: =MID($B90,2,1) -> M | F90: =MID($B90,3,2) -> PD | G90: WINTER | H90: 남성 경량 러닝 볼패딩 | I90: 1 | J90: =IF(B90=B89,"",1) -> 1 | K90: 3 | L90: 199000 | M90: 해원 | N90: HWN-2020BR/DPC | O90: NYLON | P90: 100 | Q90: 10D | R90: 40G | S90: 505T | T90: Single L | V90: WR | X90: 우븐 | Y90: RIPSTOP | Z90: Ra_LV2 | AA90: GU_LV3 | AB90: 2L 구조 | AC90: (다운백 없음) | AD90: (다운백 없음) | AE90: SynCloud Ball Insulation | AF90: 160G | AG90: 경량 | AI90: 경량패딩 | AJ90: 스탠다드 | AK90: =2500+1000+1200 -> 4700 | AL90: =AK90*L90 -> 935300000 | AM90: =AK90*AO90 -> 3055 | AN90: =(AM90*L90)*92% -> 559309400 | AO90: =$AO$5 -> 0.65 | AQ90: 손수진
B91: DWDJ91046 | C91: =MID(B91,3,5) -> DJ910 | D91: MAIN | E91: =MID($B91,2,1) -> W | F91: =MID($B91,3,2) -> DJ | G91: WINTER | H91: 여성 벨라 구스다운 경량패딩 | I91: VOS | J91: 1 | K91: 1 | L91: 199000 | M91: 봄텍스 | N91: BOM-SB1368CA (JS1001 PU 뺀 VER.) | O91: POLYESTER | P91: 100 | Q91: 20D | R91: 45G | S91: 435T | T91: Single L | V91: WR | X91: 우븐 | Y91: PLAIN | Z91: Ra_LV1 | AA91: GU_LV4 | AB91: 4L 구조 | AC91: 20D | AD91: 400T | AE91: EU GOOSE 8020 | AF91: 100G | AG91: 중량 | AH91: 650 | AI91: 중량패딩 | AJ91: 크롭 | AK91: 994 | AL91: 197806000 | AM91: 14 | AN91: 1950200 | AO91: 100 | AP91: 15691936 | AQ91: 177 | AR91: 26381316 | AS91: =AQ91/AK91 -> 0.17806841
B92: DWDJ91046 | C92: =MID(B92,3,5) -> DJ910 | D92: MAIN | E92: =MID($B92,2,1) -> W | F92: =MID($B92,3,2) -> DJ | G92: WINTER | H92: 여성 벨라 구스다운 경량패딩 | I92: BKS | J92: =IF(B92=B91,"",1) | K92: 1 | L92: 199000 | M92: 봄텍스 | N92: BOM-SB1368CA (JS1001 PU 뺀 VER.) | O92: POLYESTER | P92: 100 | Q92: 20D | R92: 45G | S92: 435T | T92: Single L | V92: WR | X92: 우븐 | Y92: PLAIN | Z92: Ra_LV1 | AA92: GU_LV4 | AB92: 4L 구조 | AC92: 20D | AD92: 400T | AE92: EU GOOSE 8020 | AF92: 100G | AG92: 중량 | AH92: 650 | AI92: 중량패딩 | AJ92: 크롭 | AK92: 1739 | AL92: 346061000 | AM92: 99 | AN92: 13734300 | AO92: 690 | AP92: 103072647 | AQ92: 1177 | AR92: 170517837 | AS92: =AQ92/AK92 -> 0.67682576
B93: DWDJ91046 | C93: =MID(B93,3,5) -> DJ910 | D93: MAIN | E93: =MID($B93,2,1) -> W | F93: =MID($B93,3,2) -> DJ | G93: WINTER | H93: 여성 벨라 구스다운 경량패딩 | I93: CRS | J93: =IF(B93=B92,"",1) | K93: 1 | L93: 199000 | M93: 봄텍스 | N93: BOM-SB1368CA (JS1001 PU 뺀 VER.) | O93: POLYESTER | P93: 100 | Q93: 20D | R93: 45G | S93: 435T | T93: Single L | V93: WR | X93: 우븐 | Y93: PLAIN | Z93: Ra_LV1 | AA93: GU_LV4 | AB93: 4L 구조 | AC93: 20D | AD93: 400T | AE93: EU GOOSE 8020 | AF93: 100G | AG93: 중량 | AH93: 650 | AI93: 중량패딩 | AJ93: 크롭 | AK93: 1090 | AL93: 216910000 | AM93: 47 | AN93: 6395540 | AO93: 455 | AP93: 70207429 | AQ93: 726 | AR93: 107673249 | AS93: =AQ93/AK93 -> 0.66605505
B94: DWDJ92046 | C94: =MID(B94,3,5) -> DJ920 | D94: MAIN | E94: =MID($B94,2,1) -> W | F94: =MID($B94,3,2) -> DJ | G94: WINTER | H94: 여성 멜로즈 튜브 구스다운 경량패딩 | I94: BGS | J94: =IF(B94=B93,"",1) -> 1 | K94: 1 | L94: 299000 | M94: 영보 | N94: PF-23032 (P30D 사각 튜브) 12CM | O94: POLYESTER | P94: 100 | Q94: 30D | R94: 135G | S94: 442T | T94: Single L | V94: WR | X94: 우븐 | Y94: TUBE | Z94: Ra_LV2 | AA94: GU_LV2 | AB94: 2L 구조(튜브) | AC94: (다운백 없음) | AD94: =AC94 -> (다운백 없음) | AE94: EU GOOSE 8020 | AF94: 150G | AG94: 중량 | AH94: 650 | AI94: 중량패딩 | AJ94: 세미크롭 | AK94: 1808 | AL94: 540592000 | AM94: 172 | AN94: 35747490 | AO94: 1543 | AP94: 349944579 | AQ94: 1771 | AR94: 397526539 | AS94: =AQ94/AK94 -> 0.9795354
B95: DWDJ92046 | C95: =MID(B95,3,5) -> DJ920 | D95: MAIN | E95: =MID($B95,2,1) -> W | F95: =MID($B95,3,2) -> DJ | G95: WINTER | H95: 여성 멜로즈 튜브 구스다운 경량패딩 | I95: CRS | J95: =IF(B95=B94,"",1) | K95: 1 | L95: 299000 | M95: 영보 | N95: PF-23032 (P30D 사각 튜브) 12CM | O95: POLYESTER | P95: 100 | Q95: 30D | R95: 135G | S95: 442T | T95: Single L | V95: WR | X95: 우븐 | Y95: TUBE | Z95: Ra_LV2 | AA95: GU_LV2 | AB95: 2L 구조(튜브) | AC95: (다운백 없음) | AD95: =AC95 -> (다운백 없음) | AE95: EU GOOSE 8020 | AF95: 150G | AG95: 중량 | AH95: 650 | AI95: 중량패딩 | AJ95: 세미크롭 | AK95: 1714 | AL95: 512486000 | AM95: 105 | AN95: 21942190 | AO95: 879 | AP95: 198870714 | AQ95: 1334 | AR95: 294079034 | AS95: =AQ95/AK95 -> 0.77829638
B96: DWDJ92046 | C96: =MID(B96,3,5) -> DJ920 | D96: MAIN | E96: =MID($B96,2,1) -> W | F96: =MID($B96,3,2) -> DJ | G96: WINTER | H96: 여성 멜로즈 튜브 구스다운 경량패딩 | I96: BKS | J96: =IF(B96=B95,"",1) | K96: 1 | L96: 299000 | M96: 영보 | N96: PF-23032 (P30D 사각 튜브) 12CM | O96: POLYESTER | P96: 100 | Q96: 30D | R96: 135G | S96: 442T | T96: Single L | V96: WR | X96: 우븐 | Y96: TUBE | Z96: Ra_LV2 | AA96: GU_LV2 | AB96: 2L 구조(튜브) | AC96: (다운백 없음) | AD96: =AC96 -> (다운백 없음) | AE96: EU GOOSE 8020 | AF96: 150G | AG96: 중량 | AH96: 650 | AI96: 중량패딩 | AJ96: 세미크롭 | AK96: 3010 | AL96: 899990000 | AM96: 306 | AN96: 63860031 | AO96: 2269 | AP96: 498874200 | AQ96: 2948 | AR96: 640655320 | AS96: =AQ96/AK96 -> 0.97940199
B97: DWDJ9C046 | C97: =MID(B97,3,5) -> DJ9C0 | D97: MAIN | E97: =MID($B97,2,1) -> W | F97: =MID($B97,3,2) -> DJ | G97: WINTER | H97: 여성 멜로즈 튜브 구스다운 경량 미드패딩 | I97: BKS | J97: =IF(B97=B96,"",1) -> 1 | K97: 1 | L97: 319000 | M97: 영보 | N97: PF-23032 (P30D 사각 튜브) 12CM | O97: POLYESTER | P97: 100 | Q97: 30D | R97: 135G | S97: 442T | T97: Single L | V97: WR | X97: 우븐 | Y97: TUBE | Z97: Ra_LV2 | AA97: GU_LV2 | AB97: 2L 구조(튜브) | AC97: (다운백 없음) | AD97: =AC97 -> (다운백 없음) | AE97: EU GOOSE 8020 | AF97: 184G | AG97: 중량 | AH97: 650 | AI97: 미드패딩 | AJ97: 미드 | AK97: 1598 | AL97: 509762000 | AM97: 168 | AN97: 37472290 | AO97: 1302 | AP97: 306833394 | AQ97: 1559 | AR97: 363837824 | AS97: =AQ97/AK97 -> 0.97559449
B98: DWDJ9C046 | C98: =MID(B98,3,5) -> DJ9C0 | D98: MAIN | E98: =MID($B98,2,1) -> W | F98: =MID($B98,3,2) -> DJ | G98: WINTER | H98: 여성 멜로즈 튜브 구스다운 경량 미드패딩 | I98: WHS | J98: =IF(B98=B97,"",1) | K98: 1 | L98: 319000 | M98: 영보 | N98: PF-23032 (P30D 사각 튜브) 12CM | O98: POLYESTER | P98: 100 | Q98: 30D | R98: 135G | S98: 442T | T98: Single L | V98: WR | X98: 우븐 | Y98: TUBE | Z98: Ra_LV2 | AA98: GU_LV2 | AB98: 2L 구조(튜브) | AC98: (다운백 없음) | AD98: =AC98 -> (다운백 없음) | AE98: EU GOOSE 8020 | AF98: 184G | AG98: 중량 | AH98: 650 | AI98: 미드패딩 | AJ98: 미드 | AK98: 1208 | AL98: 385352000 | AM98: 60 | AN98: 13219440 | AO98: 387 | AP98: 90916310 | AQ98: 746 | AR98: 170788380 | AS98: =AQ98/AK98 -> 0.61754967
B99: DWDJ9C046 | C99: =MID(B99,3,5) -> DJ9C0 | D99: MAIN | E99: =MID($B99,2,1) -> W | F99: =MID($B99,3,2) -> DJ | G99: WINTER | H99: 여성 멜로즈 튜브 구스다운 경량 미드패딩 | I99: KAS | J99: =IF(B99=B98,"",1) | K99: 1 | L99: 319000 | M99: 영보 | N99: PF-23032 (P30D 사각 튜브) 12CM | O99: POLYESTER | P99: 100 | Q99: 30D | R99: 135G | S99: 442T | T99: Single L | V99: WR | X99: 우븐 | Y99: TUBE | Z99: Ra_LV2 | AA99: GU_LV2 | AB99: 2L 구조(튜브) | AC99: (다운백 없음) | AD99: =AC99 -> (다운백 없음) | AE99: EU GOOSE 8020 | AF99: 184G | AG99: 중량 | AH99: 650 | AI99: 미드패딩 | AJ99: 미드 | AK99: 1008 | AL99: 321552000 | AM99: 35 | AN99: 7805500 | AO99: 174 | AP99: 41391680 | AQ99: 396 | AR99: 90643180 | AS99: =AQ99/AK99 -> 0.39285714
B100: DWDJ9D046 | C100: =MID(B100,3,5) -> DJ9D0 | D100: MAIN | E100: =MID($B100,2,1) -> W | F100: =MID($B100,3,2) -> DJ | G100: WINTER | H100: 여성 멜로즈 튜브 구스다운 경량 롱패딩 | I100: IVD | J100: =IF(B100=B99,"",1) -> 1 | K100: 1 | L100: 339000 | M100: 영보 | N100: PF-23032 (P30D 사각 튜브) 12CM | O100: POLYESTER | P100: 100 | Q100: 30D | R100: 135G | S100: 442T | T100: Single L | V100: WR | X100: 우븐 | Y100: TUBE | Z100: Ra_LV2 | AA100: GU_LV2 | AB100: 2L 구조(튜브) | AC100: (다운백 없음) | AD100: =AC100 -> (다운백 없음) | AE100: EU GOOSE 8020 | AF100: 180G | AG100: 중량 | AH100: 650 | AI100: 롱패딩 | AJ100: 롱 | AK100: 1109 | AL100: 375951000 | AM100: 79 | AN100: 18732980 | AO100: 467 | AP100: 115511586 | AQ100: 865 | AR100: 208753316 | AS100: =AQ100/AK100 -> 0.77998197
...

Sheet DJ 2024 FW
B1: 2024FW 다운
B2: ▶제품 기준 정보 | M2: ▶소재 스팩 정보 | X2: ▶소재 외관 정보 | AB2: ▶다운백 정보 | AE2: ▶충전재 정보 | AI2: ▶디자인 정보 | AK2: ▶발주, 판매 정보 (251207일자)
J3: =SUBTOTAL(9,$J$5:$J$1000) -> 74 | K3: =SUBTOTAL(9,$K$5:$K$1000) -> 254 | Z3: Ra값 (Roughness Average) | AA3: GU값 (Gloss Units) | AK3: =SUBTOTAL(9,AK5:AK1000) -> 663237 | AL3: =SUBTOTAL(9,AL5:AL1000) -> 213075763000 | AM3: =SUBTOTAL(9,AM5:AM1000) -> 34263 | AN3: =SUBTOTAL(9,AN5:AN1000) -> 9895514392 | AO3: =SUBTOTAL(9,AO5:AO1000) -> 206721 | AP3: =SUBTOTAL(9,AP5:AP1000) -> 54082034777 | AQ3: =SUBTOTAL(9,AQ5:AQ1000) -> 393855 | AR3: =SUBTOTAL(9,AR5:AR1000) -> 109427499748 | AS3: =AQ3/AK3 -> 0.5938375
B4: 품번 (9자리) | C4: 품번 (5자리) | D4: 발주 구분 | E4: 성별 코드 | F4: 아이템코드 | G4: 시즌 | H4: 제품명 | I4: 컬러코드 | J4: 스타일수 | K4: 컬러수 | L4: 예상TAG가 | M4: 소재처 | N4: 소재명 | O4: 소재 혼용율 | P4: 소재 혼용율% | Q4: 원사 데니아(D) | R4: 소재 중량(G) | S4: 소재 밀도(T) | T4: 레이어(필름) | U4: 레이어(필름) 두께 | V4: 소재 후가공 | W4: 소재 TAG | X4: 소재 구분 | Y4: 소재 조직 | Z4: 소재 텍스쳐(Ra) LEVEL | AA4: 소재 광택(GU) LEVEL | AB4: 다운백 구조 | AC4: 다운백 데니아(D) | AD4: 다운백 밀도(T) | AE4: 충전재 사종 | AF4: 충전재양(G) | AG4: 중량 구분 | AH4: 필파워 | AI4: 디자인 형태 | AJ4: 기장 | AK4: 발주 수량 | AL4: 발주 금액 | AM4: 주간 판매 수량 | AN4: 주간 판매 금액 | AO4: 누계 판매 수량 | AP4: 누계 판매 금액 | AQ4: 마감 판매 수량 | AR4: 마감 판매 금액 | AS4: 판매율
A5: =B5&I5 -> DWDJ91046VOS | B5: DWDJ91046 | C5: =MID(B5,3,5) -> DJ910 | D5: MAIN | E5: =MID($B5,2,1) -> W | F5: =MID($B5,3,2) -> DJ | G5: WINTER | H5: 여성 벨라 구스다운 경량패딩 | I5: VOS | J5: 1 | K5: 1 | L5: 199000 | M5: 봄텍스 | N5: BOM-SB1368CA (JS1001 PU 뺀 VER.) | O5: POLYESTER | P5: 100 | Q5: 20D | R5: 45G | S5: 435T | T5: Single L | V5: WR | X5: 우븐 | Y5: PLAIN | Z5: Ra_LV1 | AA5: GU_LV4 | AB5: 4L 구조 | AC5: 20D | AD5: 400T | AE5: EU GOOSE 8020 | AF5: 100G | AG5: 중량 | AH5: 650 | AI5: 중량패딩 | AJ5: 크롭 | AK5: 994 | AL5: 197806000 | AM5: 14 | AN5: 1950200 | AO5: 100 | AP5: 15691936 | AQ5: 177 | AR5: 26381316 | AS5: =AQ5/AK5 -> 0.17806841
A6: =B6&I6 -> DWDJ91046BKS | B6: DWDJ91046 | C6: =MID(B6,3,5) -> DJ910 | D6: MAIN | E6: =MID($B6,2,1) -> W | F6: =MID($B6,3,2) -> DJ | G6: WINTER | H6: 여성 벨라 구스다운 경량패딩 | I6: BKS | J6: =IF(B6=B5,"",1) | K6: 1 | L6: 199000 | M6: 봄텍스 | N6: BOM-SB1368CA (JS1001 PU 뺀 VER.) | O6: POLYESTER | P6: 100 | Q6: 20D | R6: 45G | S6: 435T | T6: Single L | V6: WR | X6: 우븐 | Y6: PLAIN | Z6: Ra_LV1 | AA6: GU_LV4 | AB6: 4L 구조 | AC6: 20D | AD6: 400T | AE6: EU GOOSE 8020 | AF6: 100G | AG6: 중량 | AH6: 650 | AI6: 중량패딩 | AJ6: 크롭 | AK6: 1739 | AL6: 346061000 | AM6: 99 | AN6: 13734300 | AO6: 690 | AP6: 103072647 | AQ6: 1177 | AR6: 170517837 | AS6: =AQ6/AK6 -> 0.67682576
A7: =B7&I7 -> DWDJ91046CRS | B7: DWDJ91046 | C7: =MID(B7,3,5) -> DJ910 | D7: MAIN | E7: =MID($B7,2,1) -> W | F7: =MID($B7,3,2) -> DJ | G7: WINTER | H7: 여성 벨라 구스다운 경량패딩 | I7: CRS | J7: =IF(B7=B6,"",1) | K7: 1 | L7: 199000 | M7: 봄텍스 | N7: BOM-SB1368CA (JS1001 PU 뺀 VER.) | O7: POLYESTER | P7: 100 | Q7: 20D | R7: 45G | S7: 435T | T7: Single L | V7: WR | X7: 우븐 | Y7: PLAIN | Z7: Ra_LV1 | AA7: GU_LV4 | AB7: 4L 구조 | AC7: 20D | AD7: 400T | AE7: EU GOOSE 8020 | AF7: 100G | AG7: 중량 | AH7: 650 | AI7: 중량패딩 | AJ7: 크롭 | AK7: 1090 | AL7: 216910000 | AM7: 47 | AN7: 6395540 | AO7: 455 | AP7: 70207429 | AQ7: 726 | AR7: 107673249 | AS7: =AQ7/AK7 -> 0.66605505
A8: =B8&I8 -> DWDJ92046BGS | B8: DWDJ92046 | C8: =MID(B8,3,5) -> DJ920 | D8: MAIN | E8: =MID($B8,2,1) -> W | F8: =MID($B8,3,2) -> DJ | G8: WINTER | H8: 여성 멜로즈 튜브 구스다운 경량패딩 | I8: BGS | J8: =IF(B8=B7,"",1) -> 1 | K8: 1 | L8: 299000 | M8: 영보 | N8: PF-23032 (P30D 사각 튜브) 12CM | O8: POLYESTER | P8: 100 | Q8: 30D | R8: 135G | S8: 442T | T8: Single L | V8: WR | X8: 우븐 | Y8: TUBE | Z8: Ra_LV2 | AA8: GU_LV2 | AB8: 2L 구조(튜브) | AC8: (다운백 없음) | AD8: =AC8 -> (다운백 없음) | AE8: EU GOOSE 8020 | AF8: 150G | AG8: 중량 | AH8: 650 | AI8: 중량패딩 | AJ8: 세미크롭 | AK8: 1808 | AL8: 540592000 | AM8: 172 | AN8: 35747490 | AO8: 1543 | AP8: 349944579 | AQ8: 1771 | AR8: 397526539 | AS8: =AQ8/AK8 -> 0.9795354
A9: =B9&I9 -> DWDJ92046CRS | B9: DWDJ92046 | C9: =MID(B9,3,5) -> DJ920 | D9: MAIN | E9: =MID($B9,2,1) -> W | F9: =MID($B9,3,2) -> DJ | G9: WINTER | H9: 여성 멜로즈 튜브 구스다운 경량패딩 | I9: CRS | J9: =IF(B9=B8,"",1) | K9: 1 | L9: 299000 | M9: 영보 | N9: PF-23032 (P30D 사각 튜브) 12CM | O9: POLYESTER | P9: 100 | Q9: 30D | R9: 135G | S9: 442T | T9: Single L | V9: WR | X9: 우븐 | Y9: TUBE | Z9: Ra_LV2 | AA9: GU_LV2 | AB9: 2L 구조(튜브) | AC9: (다운백 없음) | AD9: =AC9 -> (다운백 없음) | AE9: EU GOOSE 8020 | AF9: 150G | AG9: 중량 | AH9: 650 | AI9: 중량패딩 | AJ9: 세미크롭 | AK9: 1714 | AL9: 512486000 | AM9: 105 | AN9: 21942190 | AO9: 879 | AP9: 198870714 | AQ9: 1334 | AR9: 294079034 | AS9: =AQ9/AK9 -> 0.77829638
A10: =B10&I10 -> DWDJ92046BKS | B10: DWDJ92046 | C10: =MID(B10,3,5) -> DJ920 | D10: MAIN | E10: =MID($B10,2,1) -> W | F10: =MID($B10,3,2) -> DJ | G10: WINTER | H10: 여성 멜로즈 튜브 구스다운 경량패딩 | I10: BKS | J10: =IF(B10=B9,"",1) | K10: 1 | L10: 299000 | M10: 영보 | N10: PF-23032 (P30D 사각 튜브) 12CM | O10: POLYESTER | P10: 100 | Q10: 30D | R10: 135G | S10: 442T | T10: Single L | V10: WR | X10: 우븐 | Y10: TUBE | Z10: Ra_LV2 | AA10: GU_LV2 | AB10: 2L 구조(튜브) | AC10: (다운백 없음) | AD10: =AC10 -> (다운백 없음) | AE10: EU GOOSE 8020 | AF10: 150G | AG10: 중량 | AH10: 650 | AI10: 중량패딩 | AJ10: 세미크롭 | AK10: 3010 | AL10: 899990000 | AM10: 306 | AN10: 63860031 | AO10: 2269 | AP10: 498874200 | AQ10: 2948 | AR10: 640655320 | AS10: =AQ10/AK10 -> 0.97940199
A11: =B11&I11 -> DWDJ9C046BKS | B11: DWDJ9C046 | C11: =MID(B11,3,5) -> DJ9C0 | D11: MAIN | E11: =MID($B11,2,1) -> W | F11: =MID($B11,3,2) -> DJ | G11: WINTER | H11: 여성 멜로즈 튜브 구스다운 경량 미드패딩 | I11: BKS | J11: =IF(B11=B10,"",1) -> 1 | K11: 1 | L11: 319000 | M11: 영보 | N11: PF-23032 (P30D 사각 튜브) 12CM | O11: POLYESTER | P11: 100 | Q11: 30D | R11: 135G | S11: 442T | T11: Single L | V11: WR | X11: 우븐 | Y11: TUBE | Z11: Ra_LV2 | AA11: GU_LV2 | AB11: 2L 구조(튜브) | AC11: (다운백 없음) | AD11: =AC11 -> (다운백 없음) | AE11: EU GOOSE 8020 | AF11: 184G | AG11: 중량 | AH11: 650 | AI11: 미드패딩 | AJ11: 미드 | AK11: 1598 | AL11: 509762000 | AM11: 168 | AN11: 37472290 | AO11: 1302 | AP11: 306833394 | AQ11: 1559 | AR11: 363837824 | AS11: =AQ11/AK11 -> 0.97559449
A12: =B12&I12 -> DWDJ9C046WHS | B12: DWDJ9C046 | C12: =MID(B12,3,5) -> DJ9C0 | D12: MAIN | E12: =MID($B12,2,1) -> W | F12: =MID($B12,3,2) -> DJ | G12: WINTER | H12: 여성 멜로즈 튜브 구스다운 경량 미드패딩 | I12: WHS | J12: =IF(B12=B11,"",1) | K12: 1 | L12: 319000 | M12: 영보 | N12: PF-23032 (P30D 사각 튜브) 12CM | O12: POLYESTER | P12: 100 | Q12: 30D | R12: 135G | S12: 442T | T12: Single L | V12: WR | X12: 우븐 | Y12: TUBE | Z12: Ra_LV2 | AA12: GU_LV2 | AB12: 2L 구조(튜브) | AC12: (다운백 없음) | AD12: =AC12 -> (다운백 없음) | AE12: EU GOOSE 8020 | AF12: 184G | AG12: 중량 | AH12: 650 | AI12: 미드패딩 | AJ12: 미드 | AK12: 1208 | AL12: 385352000 | AM12: 60 | AN12: 13219440 | AO12: 387 | AP12: 90916310 | AQ12: 746 | AR12: 170788380 | AS12: =AQ12/AK12 -> 0.61754967
A13: =B13&I13 -> DWDJ9C046KAS | B13: DWDJ9C046 | C13: =MID(B13,3,5) -> DJ9C0 | D13: MAIN | E13: =MID($B13,2,1) -> W | F13: =MID($B13,3,2) -> DJ | G13: WINTER | H13: 여성 멜로즈 튜브 구스다운 경량 미드패딩 | I13: KAS | J13: =IF(B13=B12,"",1) | K13: 1 | L13: 319000 | M13: 영보 | N13: PF-23032 (P30D 사각 튜브) 12CM | O13: POLYESTER | P13: 100 | Q13: 30D | R13: 135G | S13: 442T | T13: Single L | V13: WR | X13: 우븐 | Y13: TUBE | Z13: Ra_LV2 | AA13: GU_LV2 | AB13: 2L 구조(튜브) | AC13: (다운백 없음) | AD13: =AC13 -> (다운백 없음) | AE13: EU GOOSE 8020 | AF13: 184G | AG13: 중량 | AH13: 650 | AI13: 미드패딩 | AJ13: 미드 | AK13: 1008 | AL13: 321552000 | AM13: 35 | AN13: 7805500 | AO13: 174 | AP13: 41391680 | AQ13: 396 | AR13: 90643180 | AS13: =AQ13/AK13 -> 0.39285714
A14: =B14&I14 -> DWDJ9D046IVD | B14: DWDJ9D046 | C14: =MID(B14,3,5) -> DJ9D0 | D14: MAIN | E14: =MID($B14,2,1) -> W | F14: =MID($B14,3,2) -> DJ | G14: WINTER | H14: 여성 멜로즈 튜브 구스다운 경량 롱패딩 | I14: IVD | J14: =IF(B14=B13,"",1) -> 1 | K14: 1 | L14: 339000 | M14: 영보 | N14: PF-23032 (P30D 사각 튜브) 12CM | O14: POLYESTER | P14: 100 | Q14: 30D | R14: 135G | S14: 442T | T14: Single L | V14: WR | X14: 우븐 | Y14: TUBE | Z14: Ra_LV2 | AA14: GU_LV2 | AB14: 2L 구조(튜브) | AC14: (다운백 없음) | AD14: =AC14 -> (다운백 없음) | AE14: EU GOOSE 8020 | AF14: 180G | AG14: 중량 | AH14: 650 | AI14: 롱패딩 | AJ14: 롱 | AK14: 1109 | AL14: 375951000 | AM14: 79 | AN14: 18732980 | AO14: 467 | AP14: 115511586 | AQ14: 865 | AR14: 208753316 | AS14: =AQ14/AK14 -> 0.77998197
A15: =B15&I15 -> DWDJ9D046BKS | B15: DWDJ9D046 | C15: =MID(B15,3,5) -> DJ9D0 | D15: MAIN | E15: =MID($B15,2,1) -> W | F15: =MID($B15,3,2) -> DJ | G15: WINTER | H15: 여성 멜로즈 튜브 구스다운 경량 롱패딩 | I15: BKS | J15: =IF(B15=B14,"",1) | K15: 1 | L15: 339000 | M15: 영보 | N15: PF-23032 (P30D 사각 튜브) 12CM | O15: POLYESTER | P15: 100 | Q15: 30D | R15: 135G | S15: 442T | T15: Single L | V15: WR | X15: 우븐 | Y15: TUBE | Z15: Ra_LV2 | AA15: GU_LV2 | AB15: 2L 구조(튜브) | AC15: (다운백 없음) | AD15: =AC15 -> (다운백 없음) | AE15: EU GOOSE 8020 | AF15: 180G | AG15: 중량 | AH15: 650 | AI15: 롱패딩 | AJ15: 롱 | AK15: 1604 | AL15: 543756000 | AM15: 160 | AN15: 37991000 | AO15: 1178 | AP15: 289450323 | AQ15: 1568 | AR15: 381404023 | AS15: =AQ15/AK15 -> 0.97755611
A16: =B16&I16 -> DWDJ9F046IVS | B16: DWDJ9F046 | C16: =MID(B16,3,5) -> DJ9F0 | D16: MAIN | E16: =MID($B16,2,1) -> W | F16: =MID($B16,3,2) -> DJ | G16: WINTER | H16: 여성 올핀 구스다운 경량패딩 | I16: IVS | J16: =IF(B16=B15,"",1) -> 1 | K16: 1 | L16: 229000 | M16: 봄텍스 | N16: BOM-SB1368CA (JS1001 PU 뺀 VER.) | O16: POLYESTER | P16: 100 | Q16: 20D | R16: 45G | S16: 435T | T16: Single L | V16: WR | X16: 우븐 | Y16: PLAIN | Z16: Ra_LV1 | AA16: GU_LV4 | AB16: 4L 구조 | AC16: 20D | AD16: 400T | AE16: EU GOOSE 8020 | AF16: 120G | AG16: 중량 | AH16: 650 | AI16: 중량패딩 | AJ16: 크롭 | AK16: 997 | AL16: 228313000 | AM16: 8 | AN16: 1812000 | AO16: 437 | AP16: 97527770 | AQ16: 587 | AR16: 130725033 | AS16: =AQ16/AK16 -> 0.5887663
A17: =B17&I17 -> DWDJ9F046GRL | B17: DWDJ9F046 | C17: =MID(B17,3,5) -> DJ9F0 | D17: MAIN | E17: =MID($B17,2,1) -> W | F17: =MID($B17,3,2) -> DJ | G17: WINTER | H17: 여성 올핀 구스다운 경량패딩 | I17: GRL | J17: =IF(B17=B16,"",1) | K17: 1 | L17: 229000 | M17: 봄텍스 | N17: BOM-SB1368CA (JS1001 PU 뺀 VER.) | O17: POLYESTER | P17: 100 | Q17: 20D | R17: 45G | S17: 435T | T17: Single L | V17: WR | X17: 우븐 | Y17: PLAIN | Z17: Ra_LV1 | AA17: GU_LV4 | AB17: 4L 구조 | AC17: 20D | AD17: 400T | AE17: EU GOOSE 8020 | AF17: 120G | AG17: 중량 | AH17: 650 | AI17: 중량패딩 | AJ17: 크롭 | AK17: 998 | AL17: 228542000 | AM17: 15 | AN17: 3272400 | AO17: 300 | AP17: 65512505 | AQ17: 463 | AR17: 101911394 | AS17: =AQ17/AK17 -> 0.46392786
A18: =B18&I18 -> DWDJ9F046BKS | B18: DWDJ9F046 | C18: =MID(B18,3,5) -> DJ9F0 | D18: MAIN | E18: =MID($B18,2,1) -> W | F18: =MID($B18,3,2) -> DJ | G18: WINTER | H18: 여성 올핀 구스다운 경량패딩 | I18: BKS | J18: =IF(B18=B17,"",1) | K18: 1 | L18: 229000 | M18: 봄텍스 | N18: BOM-SB1368CA (JS1001 PU 뺀 VER.) | O18: POLYESTER | P18: 100 | Q18: 20D | R18: 45G | S18: 435T | T18: Single L | V18: WR | X18: 우븐 | Y18: PLAIN | Z18: Ra_LV1 | AA18: GU_LV4 | AB18: 4L 구조 | AC18: 20D | AD18: 400T | AE18: EU GOOSE 8020 | AF18: 120G | AG18: 중량 | AH18: 650 | AI18: 중량패딩 | AJ18: 크롭 | AK18: 1493 | AL18: 341897000 | AM18: 29 | AN18: 6545200 | AO18: 536 | AP18: 119889521 | AQ18: 768 | AR18: 170939520 | AS18: =AQ18/AK18 -> 0.51440054
A19: =B19&I19 -> DWDJ9E046COS | B19: DWDJ9E046 | C19: =MID(B19,3,5) -> DJ9E0 | D19: MAIN | E19: =MID($B19,2,1) -> W | F19: =MID($B19,3,2) -> DJ | G19: WINTER | H19: 여성 베르겐 고어윈드스토퍼 크롭 구스다운 숏패딩 | I19: COS | J19: =IF(B19=B18,"",1) -> 1 | K19: 1 | L19: 379000 | M19: GORE | N19: bnrSPL50NJ 2L | O19: POLYESTER | P19: 100 | Q19: 50D | R19: 102G | S19: 300T | T19: 2L | U19: 30mic | V19: WR | W19: GORE-TEX | X19: 우븐 | Y19: PLAIN | Z19: Ra_LV2 | AA19: GU_LV2 | AB19: 4L 구조 | AC19: 20D | AD19: 400T | AE19: EU GOOSE 8020 | AF19: 125G | AG19: 헤비 | AH19: 650 | AI19: 크롭패딩 | AJ19: 슈퍼크롭 | AK19: 770 | AL19: 291830000 | AM19: 0 | AN19: 0 | AO19: 13 | AP19: 4626416 | AQ19: 25 | AR19: 8189016 | AS19: =AQ19/AK19 -> 0.032467532
A20: =B20&I20 -> DWDJ9E046IVS | B20: DWDJ9E046 | C20: =MID(B20,3,5) -> DJ9E0 | D20: MAIN | E20: =MID($B20,2,1) -> W | F20: =MID($B20,3,2) -> DJ | G20: WINTER | H20: 여성 베르겐 고어윈드스토퍼 크롭 구스다운 숏패딩 | I20: IVS | J20: =IF(B20=B19,"",1) | K20: 1 | L20: 379000 | M20: GORE | N20: bnrSPL50NJ 2L | O20: POLYESTER | P20: 100 | Q20: 50D | R20: 102G | S20: 300T | T20: 2L | U20: 30mic | V20: WR | W20: GORE-TEX | X20: 우븐 | Y20: PLAIN | Z20: Ra_LV2 | AA20: GU_LV2 | AB20: 4L 구조 | AC20: 20D | AD20: 400T | AE20: EU GOOSE 8020 | AF20: 125G | AG20: 헤비 | AH20: 650 | AI20: 크롭패딩 | AJ20: 슈퍼크롭 | AK20: 950 | AL20: 360050000 | AM20: 12 | AN20: 4546000 | AO20: 47 | AP20: 17341854 | AQ20: 108 | AR20: 35888654 | AS20: =AQ20/AK20 -> 0.11368421
A21: =B21&I21 -> DWDJ9E046BKS | B21: DWDJ9E046 | C21: =MID(B21,3,5) -> DJ9E0 | D21: MAIN | E21: =MID($B21,2,1) -> W | F21: =MID($B21,3,2) -> DJ | G21: WINTER | H21: 여성 베르겐 고어윈드스토퍼 크롭 구스다운 숏패딩 | I21: BKS | J21: =IF(B21=B20,"",1) | K21: 1 | L21: 379000 | M21: GORE | N21: bnrSPL50NJ 2L | O21: POLYESTER | P21: 100 | Q21: 50D | R21: 102G | S21: 300T | T21: 2L | U21: 30mic | V21: WR | W21: GORE-TEX | X21: 우븐 | Y21: PLAIN | Z21: Ra_LV2 | AA21: GU_LV2 | AB21: 4L 구조 | AC21: 20D | AD21: 400T | AE21: EU GOOSE 8020 | AF21: 125G | AG21: 헤비 | AH21: 650 | AI21: 크롭패딩 | AJ21: 슈퍼크롭 | AK21: 1155 | AL21: 437745000 | AM21: 17 | AN21: 6417000 | AO21: 83 | AP21: 31154681 | AQ21: 227 | AR21: 74565901 | AS21: =AQ21/AK21 -> 0.1965368
A22: =B22&I22 -> DWDJ93046GRL | B22: DWDJ93046 | C22: =MID(B22,3,5) -> DJ930 | D22: MAIN | E22: =MID($B22,2,1) -> W | F22: =MID($B22,3,2) -> DJ | G22: WINTER | H22: 여성 올리브 RDS 다운 숏패딩 | I22: GRL | J22: =IF(B22=B21,"",1) -> 1 | K22: 1 | L22: 279000 | M22: FLOW TEX | N22: CJP-336 | O22: POLYESTER | P22: 100 | Q22: 30D | R22: 58G | S22: 322T | T22: 2L | U22: 7mic | V22: WR | X22: 우븐 | Y22: PLAIN | Z22: Ra_LV2 | AA22: GU_LV2 | AB22: 4L 구조 | AC22: 20D | AD22: 400T | AE22: EU DUCK 8020 | AF22: 180G | AG22: 헤비 | AH22: 650 | AI22: 크롭패딩 | AJ22: 세미크롭 | AK22: 5602 | AL22: 1562958000 | AM22: 371 | AN22: 102393107 | AO22: 1500 | AP22: 412705796 | AQ22: 3493 | AR22: 948034537 | AS22: =AQ22/AK22 -> 0.62352731
A23: =B23&I23 -> DWDJ93046CRS | B23: DWDJ93046 | C23: =MID(B23,3,5) -> DJ930 | D23: MAIN | E23: =MID($B23,2,1) -> W | F23: =MID($B23,3,2) -> DJ | G23: WINTER | H23: 여성 올리브 RDS 다운 숏패딩 | I23: CRS | J23: =IF(B23=B22,"",1) | K23: 1 | L23: 279000 | M23: FLOW TEX | N23: CJP-336 | O23: POLYESTER | P23: 100 | Q23: 30D | R23: 58G | S23: 322T | T23: 2L | U23: 7mic | V23: WR | X23: 우븐 | Y23: PLAIN | Z23: Ra_LV2 | AA23: GU_LV2 | AB23: 4L 구조 | AC23: 20D | AD23: 400T | AE23: EU DUCK 8020 | AF23: 180G | AG23: 헤비 | AH23: 650 | AI23: 크롭패딩 | AJ23: 세미크롭 | AK23: 10190 | AL23: 2843010000 | AM23: 483 | AN23: 133497021 | AO23: 2098 | AP23: 578317896 | AQ23: 4672 | AR23: 1270703725 | AS23: =AQ23/AK23 -> 0.45848871
A24: =B24&I24 -> DWDJ93046BRL | B24: DWDJ93046 | C24: =MID(B24,3,5) -> DJ930 | D24: MAIN | E24: =MID($B24,2,1) -> W | F24: =MID($B24,3,2) -> DJ | G24: WINTER | H24: 여성 올리브 RDS 다운 숏패딩 | I24: BRL | J24: =IF(B24=B23,"",1) | K24: 1 | L24: 279000 | M24: FLOW TEX | N24: CJP-336 | O24: POLYESTER | P24: 100 | Q24: 30D | R24: 58G | S24: 322T | T24: 2L | U24: 7mic | V24: WR | X24: 우븐 | Y24: PLAIN | Z24: Ra_LV2 | AA24: GU_LV2 | AB24: 4L 구조 | AC24: 20D | AD24: 400T | AE24: EU DUCK 8020 | AF24: 180G | AG24: 헤비 | AH24: 650 | AI24: 크롭패딩 | AJ24: 세미크롭 | AK24: 3042 | AL24: 848718000 | AM24: 231 | AN24: 63758268 | AO24: 1091 | AP24: 299292932 | AQ24: 2330 | AR24: 631287623 | AS24: =AQ24/AK24 -> 0.76594346
A25: =B25&I25 -> DWDJ93046LDS | B25: DWDJ93046 | C25: =MID(B25,3,5) -> DJ930 | D25: MAIN | E25: =MID($B25,2,1) -> W | F25: =MID($B25,3,2) -> DJ | G25: WINTER | H25: 여성 올리브 RDS 다운 숏패딩 | I25: LDS | J25: =IF(B25=B24,"",1) | K25: 1 | L25: 279000 | M25: FLOW TEX | N25: CJP-336 | O25: POLYESTER | P25: 100 | Q25: 30D | R25: 58G | S25: 322T | T25: 2L | U25: 7mic | V25: WR | X25: 우븐 | Y25: PLAIN | Z25: Ra_LV2 | AA25: GU_LV2 | AB25: 4L 구조 | AC25: 20D | AD25: 400T | AE25: EU DUCK 8020 | AF25: 180G | AG25: 헤비 | AH25: 650 | AI25: 크롭패딩 | AJ25: 세미크롭 | AK25: 2012 | AL25: 561348000 | AM25: 33 | AN25: 9168861 | AO25: 184 | AP25: 50610238 | AQ25: 416 | AR25: 113347710 | AS25: =AQ25/AK25 -> 0.20675944
A26: =B26&I26 -> DWDJ93046BKS | B26: DWDJ93046 | C26: =MID(B26,3,5) -> DJ930 | D26: MAIN | E26: =MID($B26,2,1) -> W | F26: =MID($B26,3,2) -> DJ | G26: WINTER | H26: 여성 올리브 RDS 다운 숏패딩 | I26: BKS | J26: =IF(B26=B25,"",1) | K26: 1 | L26: 279000 | M26: FLOW TEX | N26: CJP-336 | O26: POLYESTER | P26: 100 | Q26: 30D | R26: 58G | S26: 322T | T26: 2L | U26: 7mic | V26: WR | X26: 우븐 | Y26: PLAIN | Z26: Ra_LV2 | AA26: GU_LV2 | AB26: 4L 구조 | AC26: 20D | AD26: 400T | AE26: EU DUCK 8020 | AF26: 180G | AG26: 헤비 | AH26: 650 | AI26: 크롭패딩 | AJ26: 세미크롭 | AK26: 10619 | AL26: 2962701000 | AM26: 896 | AN26: 247662771 | AO26: 3376 | AP26: 931994651 | AQ26: 7985 | AR26: 2173706668 | AS26: =AQ26/AK26 -> 0.75195404
A27: =B27&I27 -> DWDJ93046BKN | B27: DWDJ93046 | C27: =MID(B27,3,5) -> DJ930 | D27: MAIN | E27: =MID($B27,2,1) -> W | F27: =MID($B27,3,2) -> DJ | G27: WINTER | H27: 여성 올리브 RDS 다운 숏패딩 | I27: BKN | J27: =IF(B27=B26,"",1) | K27: 1 | L27: 279000 | M27: SPM | N27: MC-233 (1) | O27: NYLON | P27: 100 | Q27: 40D | R27: 55G | S27: 279T | T27: Single L | V27: WR | X27: 우븐 | Y27: PLAIN | Z27: Ra_LV1 | AA27: GU_LV5 | AB27: 4L 구조 | AC27: 20D | AD27: 400T | AE27: EU DUCK 8020 | AF27: 180G | AG27: 헤비 | AH27: 650 | AI27: 크롭패딩 | AJ27: 세미크롭 | AK27: 2033 | AL27: 567207000 | AM27: 251 | AN27: 68813216 | AO27: 1024 | AP27: 281593831 | AQ27: 1849 | AR27: 502215616 | AS27: =AQ27/AK27 -> 0.90949336
A28: =B28&I28 -> DWDJ93046BRN | B28: DWDJ93046 | C28: =MID(B28,3,5) -> DJ930 | D28: SPOT | E28: =MID($B28,2,1) -> W | F28: =MID($B28,3,2) -> DJ | G28: WINTER | H28: 여성 올리브 RDS 다운 숏패딩 | I28: BRN | J28: =IF(B28=B27,"",1) | K28: 1 | L28: 279000 | M28: C&A | N28: CAC-6912 2T | O28: NYLON | P28: 100 | Q28: 40D | R28: 55G | S28: 290T | T28: Single L | V28: CIRE | X28: 우븐 | Y28: PLAIN | Z28: Ra_LV1 | AA28: GU_LV5 | AB28: 4L 구조 | AC28: 20D | AD28: 400T | AE28: EU DUCK 8020 | AF28: 180G | AG28: 헤비 | AH28: 650 | AI28: 크롭패딩 | AJ28: 세미크롭 | AK28: 1560 | AL28: 435240000 | AM28: 135 | AN28: 37191052 | AO28: 543 | AP28: 149071994 | AQ28: 1114 | AR28: 301186611 | AS28: =AQ28/AK28 -> 0.71410256
A29: =B29&I29 -> DWDJ93046BDS | B29: DWDJ93046 | C29: =MID(B29,3,5) -> DJ930 | D29: SPOT | E29: =MID($B29,2,1) -> W | F29: =MID($B29,3,2) -> DJ | G29: WINTER | H29: 여성 올리브 RDS 다운 숏패딩 | I29: BDS | J29: =IF(B29=B28,"",1) | K29: 1 | L29: 279000 | M29: FLOW TEX | N29: CJP-336 | O29: POLYESTER | P29: 100 | Q29: 30D | R29: 58G | S29: 322T | T29: 2L | U29: 7mic | V29: WR | X29: 우븐 | Y29: PLAIN | Z29: Ra_LV2 | AA29: GU_LV2 | AB29: 4L 구조 | AC29: 20D | AD29: 400T | AE29: EU DUCK 8020 | AF29: 180G | AG29: 헤비 | AH29: 650 | AI29: 크롭패딩 | AJ29: 세미크롭 | AK29: 1452 | AL29: 405108000 | AM29: 26 | AN29: 7166809 | AO29: 35 | AP29: 9647809 | AQ29: 273 | AR29: 73447486 | AS29: =AQ29/AK29 -> 0.18801653
A30: =B30&I30 -> DWDJ97046BKS | B30: DWDJ97046 | C30: =MID(B30,3,5) -> DJ970 | D30: MAIN | E30: =MID($B30,2,1) -> W | F30: =MID($B30,3,2) -> DJ | G30: WINTER | H30: 여성 올리브 크롭 RDS 다운 숏패딩 | I30: BKS | J30: =IF(B30=B29,"",1) -> 1 | K30: 1 | L30: 279000 | M30: FLOW TEX | N30: CJP-336 | O30: POLYESTER | P30: 100 | Q30: 30D | R30: 58G | S30: 322T | T30: 2L | U30: 7mic | V30: WR | X30: 우븐 | Y30: PLAIN | Z30: Ra_LV2 | AA30: GU_LV2 | AB30: 4L 구조 | AC30: 20D | AD30: 400T | AE30: EU DUCK 8020 | AF30: 155G | AG30: 헤비 | AH30: 650 | AI30: 크롭패딩 | AJ30: 슈퍼크롭 | AK30: 2849 | AL30: 794871000 | AM30: 250 | AN30: 68883850 | AO30: 1150 | AP30: 317272889 | AQ30: 1962 | AR30: 535314075 | AS30: =AQ30/AK30 -> 0.68866269
A31: =B31&I31 -> DWDJ97046CRS | B31: DWDJ97046 | C31: =MID(B31,3,5) -> DJ970 | D31: MAIN | E31: =MID($B31,2,1) -> W | F31: =MID($B31,3,2) -> DJ | G31: WINTER | H31: 여성 올리브 크롭 RDS 다운 숏패딩 | I31: CRS | J31: =IF(B31=B30,"",1) | K31: 1 | L31: 279000 | M31: FLOW TEX | N31: CJP-336 | O31: POLYESTER | P31: 100 | Q31: 30D | R31: 58G | S31: 322T | T31: 2L | U31: 7mic | V31: WR | X31: 우븐 | Y31: PLAIN | Z31: Ra_LV2 | AA31: GU_LV2 | AB31: 4L 구조 | AC31: 20D | AD31: 400T | AE31: EU DUCK 8020 | AF31: 155G | AG31: 헤비 | AH31: 650 | AI31: 크롭패딩 | AJ31: 슈퍼크롭 | AK31: 1628 | AL31: 454212000 | AM31: 132 | AN31: 36484310 | AO31: 606 | AP31: 167095340 | AQ31: 1078 | AR31: 294145910 | AS31: =AQ31/AK31 -> 0.66216216
A32: =B32&I32 -> DWDJ97046BRD | B32: DWDJ97046 | C32: =MID(B32,3,5) -> DJ970 | D32: MAIN | E32: =MID($B32,2,1) -> W | F32: =MID($B32,3,2) -> DJ | G32: WINTER | H32: 여성 올리브 크롭 RDS 다운 숏패딩 | I32: BRD | J32: =IF(B32=B31,"",1) | K32: 1 | L32: 279000 | M32: FLOW TEX | N32: CJP-336 | O32: POLYESTER | P32: 100 | Q32: 30D | R32: 58G | S32: 322T | T32: 2L | U32: 7mic | V32: WR | X32: 우븐 | Y32: PLAIN | Z32: Ra_LV2 | AA32: GU_LV2 | AB32: 4L 구조 | AC32: 20D | AD32: 400T | AE32: EU DUCK 8020 | AF32: 155G | AG32: 헤비 | AH32: 650 | AI32: 크롭패딩 | AJ32: 슈퍼크롭 | AK32: 1628 | AL32: 454212000 | AM32: 137 | AN32: 37444060 | AO32: 668 | AP32: 182584560 | AQ32: 1121 | AR32: 303511309 | AS32: =AQ32/AK32 -> 0.68857494
A33: =B33&I33 -> DWDJ97046PKS | B33: DWDJ97046 | C33: =MID(B33,3,5) -> DJ970 | D33: MAIN | E33: =MID($B33,2,1) -> W | F33: =MID($B33,3,2) -> DJ | G33: WINTER | H33: 여성 올리브 크롭 RDS 다운 숏패딩 | I33: PKS | J33: =IF(B33=B32,"",1) | K33: 1 | L33: 279000 | M33: FLOW TEX | N33: CJP-336 | O33: POLYESTER | P33: 100 | Q33: 30D | R33: 58G | S33: 322T | T33: 2L | U33: 7mic | V33: WR | X33: 우븐 | Y33: PLAIN | Z33: Ra_LV2 | AA33: GU_LV2 | AB33: 4L 구조 | AC33: 20D | AD33: 400T | AE33: EU DUCK 8020 | AF33: 155G | AG33: 헤비 | AH33: 650 | AI33: 크롭패딩 | AJ33: 슈퍼크롭 | AK33: 1012 | AL33: 282348000 | AM33: 11 | AN33: 3064001 | AO33: 71 | AP33: 19328011 | AQ33: 168 | AR33: 45636411 | AS33: =AQ33/AK33 -> 0.16600791
A34: =B34&I34 -> DWDJ9G046BGL | B34: DWDJ9G046 | C34: =MID(B34,3,5) -> DJ9G0 | D34: MAIN | E34: =MID($B34,2,1) -> W | F34: =MID($B34,3,2) -> DJ | G34: WINTER | H34: 여성 헤이니(HAYNEY) 다운 숏패딩 | I34: BGL | J34: =IF(B34=B33,"",1) -> 1 | K34: 1 | L34: 279000 | M34: 봄텍스 | N34: BOM-JS1001(SB1368SPCA) | O34: POLYESTER | P34: 100 | Q34: 20D | R34: 52G | S34: 357T | T34: Single L | V34: WR | X34: 우븐 | Y34: PLAIN | Z34: Ra_LV1 | AA34: GU_LV4 | AB34: 4L 구조 | AC34: 20D | AD34: 400T | AE34: EU DUCK 8020 | AF34: 150G | AG34: 헤비 | AH34: 650 | AI34: 크롭패딩 | AJ34: 슈퍼크롭 | AK34: 2014 | AL34: 561906000 | AM34: 24 | AN34: 6498830 | AO34: 104 | AP34: 28289461 | AQ34: 233 | AR34: 62865737 | AS34: =AQ34/AK34 -> 0.11569017
A35: =B35&I35 -> DWDJ9G046BKN | B35: DWDJ9G046 | C35: =MID(B35,3,5) -> DJ9G0 | D35: MAIN | E35: =MID($B35,2,1) -> W | F35: =MID($B35,3,2) -> DJ | G35: WINTER | H35: 여성 헤이니(HAYNEY) 다운 숏패딩 | I35: BKN | J35: =IF(B35=B34,"",1) | K35: 1 | L35: 279000 | M35: 26STORY | N35: 26S-BELLINA-1003 | O35: POLYESTER | P35: 100 | Q35: 50D | R35: 160G | S35: 290T | T35: 2L | X35: 우븐 | Y35: PLAIN | Z35: Ra_LV1 | AA35: GU_LV4 | AB35: 4L 구조 | AC35: 20D | AD35: 400T | AE35: EU DUCK 8020 | AF35: 145G | AG35: 헤비 | AH35: 650 | AI35: 크롭패딩 | AJ35: 슈퍼크롭 | AK35: 4043 | AL35: 1127997000 | AM35: 310 | AN35: 85017738 | AO35: 1777 | AP35: 487575184 | AQ35: 3880 | AR35: 1047164309 | AS35: =AQ35/AK35 -> 0.9596834
A36: =B36&I36 -> DWDJ9G046CRS | B36: DWDJ9G046 | C36: =MID(B36,3,5) -> DJ9G0 | D36: MAIN | E36: =MID($B36,2,1) -> W | F36: =MID($B36,3,2) -> DJ | G36: WINTER | H36: 여성 헤이니(HAYNEY) 다운 숏패딩 | I36: CRS | J36: =IF(B36=B35,"",1) | K36: 1 | L36: 279000 | M36: 봄텍스 | N36: BOM-JS1001(SB1368SPCA) | O36: POLYESTER | P36: 100 | Q36: 20D | R36: 52G | S36: 357T | T36: Single L | V36: WR | X36: 우븐 | Y36: PLAIN | Z36: Ra_LV1 | AA36: GU_LV4 | AB36: 4L 구조 | AC36: 20D | AD36: 400T | AE36: EU DUCK 8020 | AF36: 150G | AG36: 헤비 | AH36: 650 | AI36: 크롭패딩 | AJ36: 슈퍼크롭 | AK36: 2500 | AL36: 697500000 | AM36: 112 | AN36: 30821814 | AO36: 562 | AP36: 154871414 | AQ36: 1116 | AR36: 303493686 | AS36: =AQ36/AK36 -> 0.4464
A37: =B37&I37 -> DWDJ9G046BKS | B37: DWDJ9G046 | C37: =MID(B37,3,5) -> DJ9G0 | D37: MAIN | E37: =MID($B37,2,1) -> W | F37: =MID($B37,3,2) -> DJ | G37: WINTER | H37: 여성 헤이니(HAYNEY) 다운 숏패딩 | I37: BKS | J37: =IF(B37=B36,"",1) | K37: 1 | L37: 279000 | M37: 봄텍스 | N37: BOM-JS1001(SB1368SPCA) | O37: POLYESTER | P37: 100 | Q37: 20D | R37: 52G | S37: 357T | T37: Single L | V37: WR | X37: 우븐 | Y37: PLAIN | Z37: Ra_LV1 | AA37: GU_LV4 | AB37: 4L 구조 | AC37: 20D | AD37: 400T | AE37: EU DUCK 8020 | AF37: 150G | AG37: 헤비 | AH37: 650 | AI37: 크롭패딩 | AJ37: 슈퍼크롭 | AK37: 4056 | AL37: 1131624000 | AM37: 332 | AN37: 91539167 | AO37: 1373 | AP37: 378766343 | AQ37: 2588 | AR37: 705845653 | AS37: =AQ37/AK37 -> 0.63806706
A38: =B38&I38 -> DWDJ9G046OLN | B38: DWDJ9G046 | C38: =MID(B38,3,5) -> DJ9G0 | D38: SPOT | E38: =MID($B38,2,1) -> W | F38: =MID($B38,3,2) -> DJ | G38: WINTER | H38: 여성 헤이니(HAYNEY) 다운 숏패딩 | I38: OLN | J38: =IF(B38=B37,"",1) | K38: 1 | L38: 279000 | M38: 26STORY | N38: 26S-BELLINA-1003 | O38: POLYESTER | P38: 100 | Q38: 50D | R38: 160G | S38: 290T | T38: 2L | X38: 우븐 | Y38: PLAIN | Z38: Ra_LV1 | AA38: GU_LV4 | AB38: 4L 구조 | AC38: 20D | AD38: 400T | AE38: EU DUCK 8020 | AF38: 145G | AG38: 헤비 | AH38: 650 | AI38: 크롭패딩 | AJ38: 슈퍼크롭 | AK38: 1590 | AL38: 443610000 | AM38: 119 | AN38: 32707225 | AO38: 641 | AP38: 175209912 | AQ38: 1039 | AR38: 282208407 | AS38: =AQ38/AK38 -> 0.65345912
A39: =B39&I39 -> DWDJ94046BKN | B39: DWDJ94046 | C39: =MID(B39,3,5) -> DJ940 | D39: MAIN | E39: =MID($B39,2,1) -> W | F39: =MID($B39,3,2) -> DJ | G39: WINTER | H39: 여성 올리아 RDS 다운 숏패딩 | I39: BKN | J39: =IF(B39=B38,"",1) -> 1 | K39: 1 | L39: 279000 | M39: SPM | N39: MC-233 | O39: NYLON | P39: 100 | Q39: 40D | R39: 55G | S39: 279T | T39: Single L | V39: WR | X39: 우븐 | Y39: PLAIN | Z39: Ra_LV1 | AA39: GU_LV5 | AB39: 4L 구조 | AC39: 20D | AD39: 400T | AE39: EU DUCK 8020 | AF39: 175G | AG39: 헤비 | AH39: 650 | AI39: 크롭패딩 | AJ39: 크롭 | AK39: 1191 | AL39: 332289000 | AM39: 134 | AN39: 36950074 | AO39: 834 | AP39: 229274570 | AQ39: 1053 | AR39: 287914007 | AS39: =AQ39/AK39 -> 0.88413098
A40: =B40&I40 -> DWDJ94046CRS | B40: DWDJ94046 | C40: =MID(B40,3,5) -> DJ940 | D40: MAIN | E40: =MID($B40,2,1) -> W | F40: =MID($B40,3,2) -> DJ | G40: WINTER | H40: 여성 올리아 RDS 다운 숏패딩 | I40: CRS | J40: =IF(B40=B39,"",1) | K40: 1 | L40: 279000 | M40: FLOW TEX | N40: CJP-336 | O40: POLYESTER | P40: 100 | Q40: 30D | R40: 58G | S40: 322T | T40: 2L | U40: 7mic | V40: WR | X40: 우븐 | Y40: PLAIN | Z40: Ra_LV2 | AA40: GU_LV2 | AB40: 4L 구조 | AC40: 20D | AD40: 400T | AE40: EU DUCK 8020 | AF40: 180G | AG40: 헤비 | AH40: 650 | AI40: 크롭패딩 | AJ40: 크롭 | AK40: 4050 | AL40: 1129950000 | AM40: 506 | AN40: 139634992 | AO40: 2383 | AP40: 657434225 | AQ40: 3735 | AR40: 1022119185 | AS40: =AQ40/AK40 -> 0.92222222
A41: =B41&I41 -> DWDJ94046BKS | B41: DWDJ94046 | C41: =MID(B41,3,5) -> DJ940 | D41: MAIN | E41: =MID($B41,2,1) -> W | F41: =MID($B41,3,2) -> DJ | G41: WINTER | H41: 여성 올리아 RDS 다운 숏패딩 | I41: BKS | J41: =IF(B41=B40,"",1) | K41: 1 | L41: 279000 | M41: FLOW TEX | N41: CJP-336 | O41: POLYESTER | P41: 100 | Q41: 30D | R41: 58G | S41: 322T | T41: 2L | U41: 7mic | V41: WR | X41: 우븐 | Y41: PLAIN | Z41: Ra_LV2 | AA41: GU_LV2 | AB41: 4L 구조 | AC41: 20D | AD41: 400T | AE41: EU DUCK 8020 | AF41: 180G | AG41: 헤비 | AH41: 650 | AI41: 크롭패딩 | AJ41: 크롭 | AK41: 4888 | AL41: 1363752000 | AM41: 618 | AN41: 168366228 | AO41: 3782 | AP41: 1038883095 | AQ41: 4793 | AR41: 1311677224 | AS41: =AQ41/AK41 -> 0.98056465
A42: =B42&I42 -> DWDJ94046CRN | B42: DWDJ94046 | C42: =MID(B42,3,5) -> DJ940 | D42: MAIN | E42: =MID($B42,2,1) -> W | F42: =MID($B42,3,2) -> DJ | G42: WINTER | H42: 여성 올리아 RDS 다운 숏패딩 | I42: CRN | J42: =IF(B42=B41,"",1) | K42: 1 | L42: 279000 | M42: SPM | N42: MC-233 | O42: NYLON | P42: 100 | Q42: 40D | R42: 55G | S42: 279T | T42: Single L | V42: WR | X42: 우븐 | Y42: PLAIN | Z42: Ra_LV1 | AA42: GU_LV5 | AB42: 4L 구조 | AC42: 20D | AD42: 400T | AE42: EU DUCK 8020 | AF42: 175G | AG42: 헤비 | AH42: 650 | AI42: 크롭패딩 | AJ42: 크롭 | AK42: 2007 | AL42: 559953000 | AM42: 261 | AN42: 71891698 | AO42: 1130 | AP42: 311004830 | AQ42: 1701 | AR42: 465358724 | AS42: =AQ42/AK42 -> 0.84753363
A43: =B43&I43 -> DWDJ94046PPS | B43: DWDJ94046 | C43: =MID(B43,3,5) -> DJ940 | D43: MAIN | E43: =MID($B43,2,1) -> W | F43: =MID($B43,3,2) -> DJ | G43: WINTER | H43: 여성 올리아 RDS 다운 숏패딩 | I43: PPS | J43: =IF(B43=B42,"",1) | K43: 1 | L43: 279000 | M43: FLOW TEX | N43: CJP-336 | O43: POLYESTER | P43: 100 | Q43: 30D | R43: 58G | S43: 322T | T43: 2L | U43: 7mic | V43: WR | X43: 우븐 | Y43: PLAIN | Z43: Ra_LV2 | AA43: GU_LV2 | AB43: 4L 구조 | AC43: 20D | AD43: 400T | AE43: EU DUCK 8020 | AF43: 180G | AG43: 헤비 | AH43: 650 | AI43: 크롭패딩 | AJ43: 크롭 | AK43: 1422 | AL43: 396738000 | AM43: 16 | AN43: 4454000 | AO43: 139 | AP43: 38161510 | AQ43: 256 | AR43: 70038842 | AS43: =AQ43/AK43 -> 0.18002813
A44: =B44&I44 -> DWDJ94046SIL | B44: DWDJ94046 | C44: =MID(B44,3,5) -> DJ940 | D44: MAIN | E44: =MID($B44,2,1) -> W | F44: =MID($B44,3,2) -> DJ | G44: WINTER | H44: 여성 올리아 RDS 다운 숏패딩 | I44: SIL | J44: =IF(B44=B43,"",1) | K44: 1 | L44: 279000 | M44: FLOW TEX | N44: CJP-336 | O44: POLYESTER | P44: 100 | Q44: 30D | R44: 58G | S44: 322T | T44: 2L | U44: 7mic | V44: WR | X44: 우븐 | Y44: PLAIN | Z44: Ra_LV2 | AA44: GU_LV2 | AB44: 4L 구조 | AC44: 20D | AD44: 400T | AE44: EU DUCK 8020 | AF44: 180G | AG44: 헤비 | AH44: 650 | AI44: 크롭패딩 | AJ44: 크롭 | AK44: 1422 | AL44: 396738000 | AM44: 123 | AN44: 34128548 | AO44: 608 | AP44: 168142020 | AQ44: 1149 | AR44: 314543806 | AS44: =AQ44/AK44 -> 0.80801688
A45: =B45&I45 -> DWDJ94046LKS | B45: DWDJ94046 | C45: =MID(B45,3,5) -> DJ940 | D45: SPOT | E45: =MID($B45,2,1) -> W | F45: =MID($B45,3,2) -> DJ | G45: WINTER | H45: 여성 올리아 RDS 다운 숏패딩 | I45: LKS | J45: =IF(B45=B44,"",1) | K45: 1 | L45: 279000 | M45: FLOW TEX | N45: CJP-336 | O45: POLYESTER | P45: 100 | Q45: 30D | R45: 58G | S45: 322T | T45: 2L | U45: 7mic | V45: WR | X45: 우븐 | Y45: PLAIN | Z45: Ra_LV2 | AA45: GU_LV2 | AB45: 4L 구조 | AC45: 20D | AD45: 400T | AE45: EU DUCK 8020 | AF45: 180G | AG45: 헤비 | AH45: 650 | AI45: 크롭패딩 | AJ45: 크롭 | AK45: 1519 | AL45: 423801000 | AM45: 53 | AN45: 14320875 | AO45: 90 | AP45: 24590773 | AQ45: 689 | AR45: 186134015 | AS45: =AQ45/AK45 -> 0.45358789
A46: =B46&I46 -> DWDJ94046ORN | B46: DWDJ94046 | C46: =MID(B46,3,5) -> DJ940 | D46: SPOT | E46: =MID($B46,2,1) -> W | F46: =MID($B46,3,2) -> DJ | G46: WINTER | H46: 여성 올리아 RDS 다운 숏패딩 | I46: ORN | J46: =IF(B46=B45,"",1) | K46: 1 | L46: 279000 | M46: SPM | N46: MC-233 | O46: NYLON | P46: 100 | Q46: 40D | R46: 55G | S46: 279T | T46: Single L | V46: WR | X46: 우븐 | Y46: PLAIN | Z46: Ra_LV1 | AA46: GU_LV5 | AB46: 4L 구조 | AC46: 20D | AD46: 400T | AE46: EU DUCK 8020 | AF46: 175G | AG46: 헤비 | AH46: 650 | AI46: 크롭패딩 | AJ46: 크롭 | AK46: 612 | AL46: 170748000 | AM46: 0 | AN46: 0 | AO46: 0 | AP46: 0 | AQ46: 98 | AR46: 26361297 | AS46: =AQ46/AK46 -> 0.16013072
A47: =B47&I47 -> DWDJ9K046BKN | B47: DWDJ9K046 | C47: =MID(B47,3,5) -> DJ9K0 | D47: SPOT | E47: =MID($B47,2,1) -> W | F47: =MID($B47,3,2) -> DJ | G47: WINTER | H47: 여성 올리아 RDS 다운 숏패딩 | I47: BKN | J47: =IF(B47=B46,"",1) -> 1 | K47: 1 | L47: 279000 | M47: C&A | N47: CAC-6912 2T | O47: NYLON | P47: 100 | Q47: 40D | R47: 55G | S47: 290T | T47: Single L | V47: CIRE | X47: 우븐 | Y47: PLAIN | Z47: Ra_LV1 | AA47: GU_LV4 | AB47: 4L 구조 | AC47: 20D | AD47: 400T | AE47: EU DUCK 8020 | AF47: 175G | AG47: 헤비 | AH47: 650 | AI47: 크롭패딩 | AJ47: 크롭 | AK47: 1025 | AL47: 285975000 | AM47: 20 | AN47: 5535000 | AO47: 20 | AP47: 5535000 | AQ47: 464 | AR47: 124356346 | AS47: =AQ47/AK47 -> 0.45268293
A48: =B48&I48 -> DWDJ95046BKS | B48: DWDJ95046 | C48: =MID(B48,3,5) -> DJ950 | D48: MAIN | E48: =MID($B48,2,1) -> W | F48: =MID($B48,3,2) -> DJ | G48: WINTER | H48: 여성 케이시 다운 숏패딩 | I48: BKS | J48: =IF(B48=B47,"",1) -> 1 | K48: 1 | L48: 299000 | M48: FLOW TEX | N48: CJP-117 | O48: POLYESTER | P48: 100 | Q48: 50D | R48: 68G | S48: 241T | T48: 2L | U48: 7mic | V48: WR | X48: 우븐 | Y48: PLAIN | Z48: Ra_LV2 | AA48: GU_LV2 | AB48: 4L 구조 | AC48: 20D | AD48: 400T | AE48: EU DUCK 8020 | AF48: 170G | AG48: 헤비 | AH48: 650 | AI48: 크롭패딩 | AJ48: 크롭 | AK48: 1606 | AL48: 480194000 | AM48: 46 | AN48: 13729945 | AO48: 291 | AP48: 85945738 | AQ48: 616 | AR48: 166506588 | AS48: =AQ48/AK48 -> 0.38356164
A49: =B49&I49 -> DWDJ95046PKS | B49: DWDJ95046 | C49: =MID(B49,3,5) -> DJ950 | D49: MAIN | E49: =MID($B49,2,1) -> W | F49: =MID($B49,3,2) -> DJ | G49: WINTER | H49: 여성 케이시 다운 숏패딩 | I49: PKS | J49: =IF(B49=B48,"",1) | K49: 1 | L49: 299000 | M49: FLOW TEX | N49: CJP-117 | O49: POLYESTER | P49: 100 | Q49: 50D | R49: 68G | S49: 241T | T49: 2L | U49: 7mic | V49: WR | X49: 우븐 | Y49: PLAIN | Z49: Ra_LV2 | AA49: GU_LV2 | AB49: 4L 구조 | AC49: 20D | AD49: 400T | AE49: EU DUCK 8020 | AF49: 170G | AG49: 헤비 | AH49: 650 | AI49: 크롭패딩 | AJ49: 크롭 | AK49: 907 | AL49: 271193000 | AM49: 7 | AN49: 2093000 | AO49: 44 | AP49: 13041353 | AQ49: 87 | AR49: 23633553 | AS49: =AQ49/AK49 -> 0.095920617
A50: =B50&I50 -> DWDJ96046BDS | B50: DWDJ96046 | C50: =MID(B50,3,5) -> DJ960 | D50: MAIN | E50: =MID($B50,2,1) -> W | F50: =MID($B50,3,2) -> DJ | G50: WINTER | H50: 여성 베니아 구스다운 미드패딩 | I50: BDS | J50: =IF(B50=B49,"",1) -> 1 | K50: 1 | L50: 359000 | M50: 원창 | N50: CVST19BM0027 | O50: POLYESTER | P50: 100 | Q50: 50D | R50: 84G | S50: 240T | T50: 2L | U50: 20mic | V50: WR | X50: 우븐 | Y50: PLAIN | Z50: Ra_LV2 | AA50: GU_LV2 | AB50: 4L 구조 | AC50: 20D | AD50: 400T | AE50: EU GOOSE 8020 | AF50: 200G | AG50: 헤비 | AH50: 650 | AI50: 미드패딩 | AJ50: 미드 | AK50: 1668 | AL50: 598812000 | AM50: 33 | AN50: 11761000 | AO50: 101 | AP50: 34980615 | AQ50: 358 | AR50: 111464396 | AS50: =AQ50/AK50 -> 0.2146283
A51: =B51&I51 -> DWDJ96046CRS | B51: DWDJ96046 | C51: =MID(B51,3,5) -> DJ960 | D51: MAIN | E51: =MID($B51,2,1) -> W | F51: =MID($B51,3,2) -> DJ | G51: WINTER | H51: 여성 베니아 구스다운 미드패딩 | I51: CRS | J51: =IF(B51=B50,"",1) | K51: 1 | L51: 359000 | M51: 원창 | N51: CVST19BM0027 | O51: POLYESTER | P51: 100 | Q51: 50D | R51: 84G | S51: 240T | T51: 2L | U51: 20mic | V51: WR | X51: 우븐 | Y51: PLAIN | Z51: Ra_LV2 | AA51: GU_LV2 | AB51: 4L 구조 | AC51: 20D | AD51: 400T | AE51: EU GOOSE 8020 | AF51: 200G | AG51: 헤비 | AH51: 650 | AI51: 미드패딩 | AJ51: 미드 | AK51: 1135 | AL51: 407465000 | AM51: 39 | AN51: 13847446 | AO51: 151 | AP51: 53737708 | AQ51: 413 | AR51: 131669362 | AS51: =AQ51/AK51 -> 0.36387665
A52: =B52&I52 -> DWDJ96046BKS | B52: DWDJ96046 | C52: =MID(B52,3,5) -> DJ960 | D52: MAIN | E52: =MID($B52,2,1) -> W | F52: =MID($B52,3,2) -> DJ | G52: WINTER | H52: 여성 베니아 구스다운 미드패딩 | I52: BKS | J52: =IF(B52=B51,"",1) | K52: 1 | L52: 359000 | M52: 원창 | N52: CVST19BM0027 | O52: POLYESTER | P52: 100 | Q52: 50D | R52: 84G | S52: 240T | T52: 2L | U52: 20mic | V52: WR | X52: 우븐 | Y52: PLAIN | Z52: Ra_LV2 | AA52: GU_LV2 | AB52: 4L 구조 | AC52: 20D | AD52: 400T | AE52: EU GOOSE 8020 | AF52: 200G | AG52: 헤비 | AH52: 650 | AI52: 미드패딩 | AJ52: 미드 | AK52: 2360 | AL52: 847240000 | AM52: 120 | AN52: 42641657 | AO52: 495 | AP52: 175324145 | AQ52: 1799 | AR52: 556656265 | AS52: =AQ52/AK52 -> 0.76228814
A53: =B53&I53 -> DWDJ96046BGS | B53: DWDJ96046 | C53: =MID(B53,3,5) -> DJ960 | D53: MAIN | E53: =MID($B53,2,1) -> W | F53: =MID($B53,3,2) -> DJ | G53: WINTER | H53: 여성 베니아 구스다운 미드패딩 | I53: BGS | J53: =IF(B53=B52,"",1) | K53: 1 | L53: 359000 | M53: 원창 | N53: CVST19BM0027 | O53: POLYESTER | P53: 100 | Q53: 50D | R53: 84G | S53: 240T | T53: 2L | U53: 20mic | V53: WR | X53: 우븐 | Y53: PLAIN | Z53: Ra_LV2 | AA53: GU_LV2 | AB53: 4L 구조 | AC53: 20D | AD53: 400T | AE53: EU GOOSE 8020 | AF53: 200G | AG53: 헤비 | AH53: 650 | AI53: 미드패딩 | AJ53: 미드 | AK53: 2000 | AL53: 718000000 | AM53: 54 | AN53: 19107640 | AO53: 197 | AP53: 69463304 | AQ53: 687 | AR53: 210675511 | AS53: =AQ53/AK53 -> 0.3435
A54: =B54&I54 -> DWDJ98046BGL | B54: DWDJ98046 | C54: =MID(B54,3,5) -> DJ980 | D54: MAIN | E54: =MID($B54,2,1) -> W | F54: =MID($B54,3,2) -> DJ | G54: WINTER | H54: 여성 켈리 구스다운 미드패딩 | I54: BGL | J54: =IF(B54=B53,"",1) -> 1 | K54: 1 | L54: 490000 | M54: 네오드림 | N54: NEO-22F231 (10mic) | O54: POLYESTER | P54: 100 | Q54: 75D | R54: 95G | S54: 209T | T54: 2L | U54: 10mic | V54: WR | X54: 우븐 | Y54: PLAIN | Z54: Ra_LV2 | AA54: GU_LV2 | AB54: 4L 구조 | AC54: 30D | AD54: 360T | AE54: EU GOOSE 8020 | AF54: 200G | AG54: 헤비 | AH54: 650 | AI54: 미드패딩 | AJ54: 미드 | AK54: 1968 | AL54: 964320000 | AM54: 93 | AN54: 44742940 | AO54: 336 | AP54: 161755077 | AQ54: 867 | AR54: 412672065 | AS54: =AQ54/AK54 -> 0.44054878
A55: =B55&I55 -> DWDJ98046OLD | B55: DWDJ98046 | C55: =MID(B55,3,5) -> DJ980 | D55: MAIN | E55: =MID($B55,2,1) -> W | F55: =MID($B55,3,2) -> DJ | G55: WINTER | H55: 여성 켈리 구스다운 미드패딩 | I55: OLD | J55: =IF(B55=B54,"",1) | K55: 1 | L55: 490000 | M55: 네오드림 | N55: NEO-22F231 (10mic) | O55: POLYESTER | P55: 100 | Q55: 75D | R55: 95G | S55: 209T | T55: 2L | U55: 10mic | V55: WR | X55: 우븐 | Y55: PLAIN | Z55: Ra_LV2 | AA55: GU_LV2 | AB55: 4L 구조 | AC55: 30D | AD55: 360T | AE55: EU GOOSE 8020 | AF55: 200G | AG55: 헤비 | AH55: 650 | AI55: 미드패딩 | AJ55: 미드 | AK55: 1470 | AL55: 720300000 | AM55: 33 | AN55: 15998818 | AO55: 142 | AP55: 67503340 | AQ55: 410 | AR55: 194315169 | AS55: =AQ55/AK55 -> 0.27891156
A56: =B56&I56 -> DWDJ98046BKS | B56: DWDJ98046 | C56: =MID(B56,3,5) -> DJ980 | D56: MAIN | E56: =MID($B56,2,1) -> W | F56: =MID($B56,3,2) -> DJ | G56: WINTER | H56: 여성 켈리 구스다운 미드패딩 | I56: BKS | J56: =IF(B56=B55,"",1) | K56: 1 | L56: 490000 | M56: 네오드림 | N56: NEO-22F231 (10mic) | O56: POLYESTER | P56: 100 | Q56: 75D | R56: 95G | S56: 209T | T56: 2L | U56: 10mic | V56: WR | X56: 우븐 | Y56: PLAIN | Z56: Ra_LV2 | AA56: GU_LV2 | AB56: 4L 구조 | AC56: 30D | AD56: 360T | AE56: EU GOOSE 8020 | AF56: 200G | AG56: 헤비 | AH56: 650 | AI56: 미드패딩 | AJ56: 미드 | AK56: 2990 | AL56: 1465100000 | AM56: 349 | AN56: 167720323 | AO56: 1244 | AP56: 596531009 | AQ56: 2749 | AR56: 1301124906 | AS56: =AQ56/AK56 -> 0.91939799
A57: =B57&I57 -> DWDJ98046IVS | B57: DWDJ98046 | C57: =MID(B57,3,5) -> DJ980 | D57: MAIN | E57: =MID($B57,2,1) -> W | F57: =MID($B57,3,2) -> DJ | G57: WINTER | H57: 여성 켈리 구스다운 미드패딩 | I57: IVS | J57: =IF(B57=B56,"",1) | K57: 1 | L57: 490000 | M57: 네오드림 | N57: NEO-22F231 (10mic) | O57: POLYESTER | P57: 100 | Q57: 75D | R57: 95G | S57: 209T | T57: 2L | U57: 10mic | V57: WR | X57: 우븐 | Y57: PLAIN | Z57: Ra_LV2 | AA57: GU_LV2 | AB57: 4L 구조 | AC57: 30D | AD57: 360T | AE57: EU GOOSE 8020 | AF57: 200G | AG57: 헤비 | AH57: 650 | AI57: 미드패딩 | AJ57: 미드 | AK57: 2060 | AL57: 1009400000 | AM57: 104 | AN57: 50224296 | AO57: 436 | AP57: 210479097 | AQ57: 1101 | AR57: 524358085 | AS57: =AQ57/AK57 -> 0.53446602
A58: =B58&I58 -> DWDJ99046BKS | B58: DWDJ99046 | C58: =MID(B58,3,5) -> DJ990 | D58: MAIN | E58: =MID($B58,2,1) -> W | F58: =MID($B58,3,2) -> DJ | G58: WINTER | H58: 여성 켈리 구스다운 숏패딩 | I58: BKS | J58: =IF(B58=B57,"",1) -> 1 | K58: 1 | L58: 379000 | M58: 네오드림 | N58: NEO-22F231 (10mic) | O58: POLYESTER | P58: 100 | Q58: 75D | R58: 95G | S58: 209T | T58: 2L | U58: 10mic | V58: WR | X58: 우븐 | Y58: PLAIN | Z58: Ra_LV2 | AA58: GU_LV2 | AB58: 4L 구조 | AC58: 30D | AD58: 360T | AE58: EU GOOSE 8020 | AF58: 170G | AG58: 헤비 | AH58: 650 | AI58: 크롭패딩 | AJ58: 세미크롭 | AK58: 1800 | AL58: 682200000 | AM58: 317 | AN58: 118686546 | AO58: 1231 | AP58: 460090945 | AQ58: 1729 | AR58: 641802583 | AS58: =AQ58/AK58 -> 0.96055556
A59: =B59&I59 -> DWDJ99046IVS | B59: DWDJ99046 | C59: =MID(B59,3,5) -> DJ990 | D59: MAIN | E59: =MID($B59,2,1) -> W | F59: =MID($B59,3,2) -> DJ | G59: WINTER | H59: 여성 켈리 구스다운 숏패딩 | I59: IVS | J59: =IF(B59=B58,"",1) | K59: 1 | L59: 379000 | M59: 네오드림 | N59: NEO-22F231 (10mic) | O59: POLYESTER | P59: 100 | Q59: 75D | R59: 95G | S59: 209T | T59: 2L | U59: 10mic | V59: WR | X59: 우븐 | Y59: PLAIN | Z59: Ra_LV2 | AA59: GU_LV2 | AB59: 4L 구조 | AC59: 30D | AD59: 360T | AE59: EU GOOSE 8020 | AF59: 170G | AG59: 헤비 | AH59: 650 | AI59: 크롭패딩 | AJ59: 세미크롭 | AK59: 1199 | AL59: 454421000 | AM59: 223 | AN59: 83496818 | AO59: 978 | AP59: 365660932 | AQ59: 1144 | AR59: 425683158 | AS59: =AQ59/AK59 -> 0.95412844
... A64: =B64&I64 -> DWDJ9A046LDS | B64: DWDJ9A046 | C64: =MID(B64,3,5) -> DJ9A0 | D64: MAIN | E64: =MID($B64,2,1) -> W | F64: =MID($B64,3,2) -> DJ | G64: WINTER | H64: 여성 켈리 구스다운 롱패딩 | I64: LDS | J64: =IF(B64=B63,"",1) | K64: 1 | L64: 570000 | M64: 네오드림 | N64: NEO-22F231 (10mic) | O64: POLYESTER | P64: 100 | Q64: 75D | R64: 95G | S64: 209T | T64: 2L | U64: 10mic | V64: WR | X64: 우븐 | Y64: PLAIN | Z64: Ra_LV2 | AA64: GU_LV2 | AB64: 4L 구조 | AC64: 30D | AD64: 360T | AE64: EU GOOSE 8020 | AF64: 265G | AG64: 헤비 | AH64: 650 | AI64: 롱패딩 | AJ64: 롱 | AK64: 970 | AL64: 552900000 | AM64: 14 | AN64: 7970000 | AO64: 52 | AP64: 29524286 | AQ64: 118 | AR64: 65745096 | AS64: =AQ64/AK64 -> 0.12164948
A65: =B65&I65 -> DWDJ9A046BKN | B65: DWDJ9A046 | C65: =MID(B65,3,5) -> DJ9A0 | D65: SPOT | E65: =MID($B65,2,1) -> W | F65: =MID($B65,3,2) -> DJ | G65: WINTER | H65: 여성 켈리 구스다운 롱패딩(무신사단독) | I65: BKN | J65: =IF(B65=B64,"",1) | K65: 1 | L65: 570000 | M65: KIS | N65: MC-2572 FC | O65: POLYESTER | P65: 100 | Q65: 25D | R65: 53G | S65: 444T | T65: Single L | V65: WR, CIRE | X65: 우븐 | Y65: PLAIN | Z65: Ra_LV1 | AA65: GU_LV4 | AB65: 4L 구조 | AC65: 30D | AD65: 360T | AE65: EU GOOSE 8020 | AF65: 265G | AG65: 헤비 | AH65: 650 | AI65: 롱패딩 | AJ65: 롱 | AK65: 400 | AL65: 228000000 | AM65: 16 | AN65: 9091760 | AO65: 72 | AP65: 40405980 | AQ65: 154 | AR65: 85658720 | AS65: =AQ65/AK65 -> 0.385
A66: =B66&I66 -> DWDJ9A046LKS | B66: DWDJ9A046 | C66: =MID(B66,3,5) -> DJ9A0 | D66: SPOT | E66: =MID($B66,2,1) -> W | F66: =MID($B66,3,2) -> DJ | G66: WINTER | H66: 여성 켈리 구스다운 롱패딩 | I66: LKS | J66: =IF(B66=B65,"",1) | K66: 1 | L66: 570000 | M66: 네오드림 | N66: NEO-22F231 (10mic) | O66: POLYESTER | P66: 100 | Q66: 75D | R66: 95G | S66: 209T | T66: 2L | U66: 10mic | V66: WR | X66: 우븐 | Y66: PLAIN | Z66: Ra_LV2 | AA66: GU_LV2 | AB66: 4L 구조 | AC66: 30D | AD66: 360T | AE66: EU GOOSE 8020 | AF66: 265G | AG66: 헤비 | AH66: 650 | AI66: 롱패딩 | AJ66: 롱 | AK66: 1498 | AL66: 853860000 | AM66: 34 | AN66: 19225000 | AO66: 55 | AP66: 31078000 | AQ66: 284 | AR66: 156506632 | AS66: =AQ66/AK66 -> 0.18958611
A67: =B67&I67 -> DWDJ9B046IVD | B67: DWDJ9B046 | C67: =MID(B67,3,5) -> DJ9B0 | D67: MAIN | E67: =MID($B67,2,1) -> W | F67: =MID($B67,3,2) -> DJ | G67: WINTER | H67: 여성 루이크 코트형 구스다운 롱패딩 | I67: IVD | J67: =IF(B67=B66,"",1) -> 1 | K67: 1 | L67: 590000 | M67: 스케치 | N67: SK-20-0621-3F(고투습) | O67: POLYESTER | P67: 100 | Q67: 50D | R67: 125G | S67: 232T | T67: 3L | U67: 20mic | V67: WR | W67: BERTEX | X67: 우븐 | Y67: PLAIN | Z67: Ra_LV2 | AA67: GU_LV2 | AB67: 4L 구조 | AC67: 30D | AD67: 360T | AE67: EU GOOSE 8020 | AF67: 230G | AG67: 헤비 | AH67: 650 | AI67: 롱패딩 | AJ67: 롱 | AK67: 1776 | AL67: 1047840000 | AM67: 103 | AN67: 60193941 | AO67: 323 | AP67: 187226546 | AQ67: 915 | AR67: 518537328 | AS67: =AQ67/AK67 -> 0.5152027
A68: =B68&I68 -> DWDJ9B046GRD | B68: DWDJ9B046 | C68: =MID(B68,3,5) -> DJ9B0 | D68: MAIN | E68: =MID($B68,2,1) -> W | F68: =MID($B68,3,2) -> DJ | G68: WINTER | H68: 여성 루이크 코트형 구스다운 롱패딩 | I68: GRD | J68: =IF(B68=B67,"",1) | K68: 1 | L68: 590000 | M68: 스케치 | N68: SK-20-0621-3F(고투습) | O68: POLYESTER | P68: 100 | Q68: 50D | R68: 125G | S68: 232T | T68: 3L | U68: 20mic | V68: WR | W68: BERTEX | X68: 우븐 | Y68: PLAIN | Z68: Ra_LV2 | AA68: GU_LV2 | AB68: 4L 구조 | AC68: 30D | AD68: 360T | AE68: EU GOOSE 8020 | AF68: 230G | AG68: 헤비 | AH68: 650 | AI68: 롱패딩 | AJ68: 롱 | AK68: 1199 | AL68: 707410000 | AM68: 44 | AN68: 25667000 | AO68: 169 | AP68: 98568749 | AQ68: 512 | AR68: 291714854 | AS68: =AQ68/AK68 -> 0.42702252
A69: =B69&I69 -> DWDJ9B046BKS | B69: DWDJ9B046 | C69: =MID(B69,3,5) -> DJ9B0 | D69: MAIN | E69: =MID($B69,2,1) -> W | F69: =MID($B69,3,2) -> DJ | G69: WINTER | H69: 여성 루이크 코트형 구스다운 롱패딩 | I69: BKS | J69: =IF(B69=B68,"",1) | K69: 1 | L69: 590000 | M69: 스케치 | N69: SK-20-0621-3F(고투습) | O69: POLYESTER | P69: 100 | Q69: 50D | R69: 125G | S69: 232T | T69: 3L | U69: 20mic | V69: WR | W69: BERTEX | X69: 우븐 | Y69: PLAIN | Z69: Ra_LV2 | AA69: GU_LV2 | AB69: 4L 구조 | AC69: 30D | AD69: 360T | AE69: EU GOOSE 8020 | AF69: 230G | AG69: 헤비 | AH69: 650 | AI69: 롱패딩 | AJ69: 롱 | AK69: 2963 | AL69: 1748170000 | AM69: 281 | AN69: 163110194 | AO69: 909 | AP69: 524822343 | AQ69: 2705 | AR69: 1538516567 | AS69: =AQ69/AK69 -> 0.91292609
A70: =B70&I70 -> DWDJ9J046BKS | B70: DWDJ9J046 | C70: =MID(B70,3,5) -> DJ9J0 | D70: MAIN | E70: =MID($B70,2,1) -> W | F70: =MID($B70,3,2) -> DJ | G70: WINTER | H70: 여성 베로니 구스다운 롱패딩 | I70: BKS | J70: =IF(B70=B69,"",1) -> 1 | K70: 1 | L70: 379000 | M70: KIS | N70: MC-2572 FC | O70: POLYESTER | P70: 100 | Q70: 25D | R70: 53G | S70: 444T | T70: Single L | V70: WR, CIRE | X70: 우븐 | Y70: PLAIN | Z70: Ra_LV1 | AA70: GU_LV4 | AB70: 4L 구조 | AC70: 20D | AD70: 400T | AE70: EU GOOSE 8020 | AF70: 230G | AG70: 헤비 | AH70: 650 | AI70: 롱패딩 | AJ70: 롱 | AK70: 3392 | AL70: 1285568000 | AM70: 37 | AN70: 13719534 | AO70: 138 | AP70: 51354404 | AQ70: 725 | AR70: 221913088 | AS70: =AQ70/AK70 -> 0.21373821
A71: =B71&I71 -> DWDJ9J046WHS | B71: DWDJ9J046 | C71: =MID(B71,3,5) -> DJ9J0 | D71: MAIN | E71: =MID($B71,2,1) -> W | F71: =MID($B71,3,2) -> DJ | G71: WINTER | H71: 여성 베로니 구스다운 롱패딩 | I71: WHS | J71: =IF(B71=B70,"",1) | K71: 1 | L71: 379000 | M71: KIS | N71: MC-2572 FC | O71: POLYESTER | P71: 100 | Q71: 25D | R71: 53G | S71: 444T | T71: Single L | V71: WR, CIRE | X71: 우븐 | Y71: PLAIN | Z71: Ra_LV1 | AA71: GU_LV4 | AB71: 4L 구조 | AC71: 20D | AD71: 400T | AE71: EU GOOSE 8020 | AF71: 230G | AG71: 헤비 | AH71: 650 | AI71: 롱패딩 | AJ71: 롱 | AK71: 1480 | AL71: 560920000 | AM71: 13 | AN71: 4887000 | AO71: 30 | AP71: 11309512 | AQ71: 136 | AR71: 42850212 | AS71: =AQ71/AK71 -> 0.091891892
A72: =B72&I72 -> DWDJ9J046GRS | B72: DWDJ9J046 | C72: =MID(B72,3,5) -> DJ9J0 | D72: MAIN | E72: =MID($B72,2,1) -> W | F72: =MID($B72,3,2) -> DJ | G72: WINTER | H72: 여성 베로니 구스다운 롱패딩 | I72: GRS | J72: =IF(B72=B71,"",1) | K72: 1 | L72: 379000 | M72: KIS | N72: MC-2572 FC | O72: POLYESTER | P72: 100 | Q72: 25D | R72: 53G | S72: 444T | T72: Single L | V72: WR, CIRE | X72: 우븐 | Y72: PLAIN | Z72: Ra_LV1 | AA72: GU_LV4 | AB72: 4L 구조 | AC72: 20D | AD72: 400T | AE72: EU GOOSE 8020 | AF72: 230G | AG72: 헤비 | AH72: 650 | AI72: 롱패딩 | AJ72: 롱 | AK72: 962 | AL72: 364598000 | AM72: 11 | AN72: 4159000 | AO72: 31 | AP72: 11282370 | AQ72: 167 | AR72: 51660183 | AS72: =AQ72/AK72 -> 0.17359667
A73: =B73&I73 -> DMDJ8O046BKS | B73: DMDJ8O046 | C73: =MID(B73,3,5) -> DJ8O0 | D73: MAIN | E73: =MID($B73,2,1) -> M | F73: =MID($B73,3,2) -> DJ | G73: WINTER | H73: 남성 픽토르U (PICTOR) 구스다운 경량패딩 | I73: BKS | J73: =IF(B73=B72,"",1) -> 1 | K73: 1 | L73: 169000 | M73: FLOW TEX | N73: CJP-430P-ST | O73: NYLON | P73: 100 | Q73: 20D | R73: 53G | S73: 398T | T73: Single L | V73: WR | X73: 우븐 | Y73: PLAIN | Z73: Ra_LV3 | AA73: GU_LV2 | AB73: 4L 구조 | AC73: 30D | AD73: 360T | AE73: EU GOOSE 8020 | AF73: 90G | AG73: 경량 | AH73: 650 | AI73: 중량패딩 | AJ73: 스탠다드 | AK73: 12017 | AL73: 2030873000 | AM73: 1022 | AN73: 130048987 | AO73: 5331 | AP73: 788891194 | AQ73: 8290 | AR73: 1250495945 | AS73: =AQ73/AK73 -> 0.68985604
A74: =B74&I74 -> DMDJ8O046IVD | B74: DMDJ8O046 | C74: =MID(B74,3,5) -> DJ8O0 | D74: MAIN | E74: =MID($B74,2,1) -> M | F74: =MID($B74,3,2) -> DJ | G74: WINTER | H74: 남성 픽토르U (PICTOR) 구스다운 경량패딩 | I74: IVD | J74: =IF(B74=B73,"",1) | K74: 1 | L74: 169000 | M74: FLOW TEX | N74: CJP-430P-ST | O74: NYLON | P74: 100 | Q74: 20D | R74: 53G | S74: 398T | T74: Single L | V74: WR | X74: 우븐 | Y74: PLAIN | Z74: Ra_LV3 | AA74: GU_LV2 | AB74: 4L 구조 | AC74: 30D | AD74: 360T | AE74: EU GOOSE 8020 | AF74: 90G | AG74: 경량 | AH74: 650 | AI74: 중량패딩 | AJ74: 스탠다드 | AK74: 4017 | AL74: 678873000 | AM74: 107 | AN74: 17060400 | AO74: 1038 | AP74: 160739812 | AQ74: 1788 | AR74: 280402448 | AS74: =AQ74/AK74 -> 0.44510829
A75: =B75&I75 -> DMDJ8O046TQD | B75: DMDJ8O046 | C75: =MID(B75,3,5) -> DJ8O0 | D75: MAIN | E75: =MID($B75,2,1) -> M | F75: =MID($B75,3,2) -> DJ | G75: WINTER | H75: 남성 픽토르U (PICTOR) 구스다운 경량패딩 | I75: TQD | J75: =IF(B75=B74,"",1) | K75: 1 | L75: 169000 | M75: FLOW TEX | N75: CJP-430P-ST | O75: NYLON | P75: 100 | Q75: 20D | R75: 53G | S75: 398T | T75: Single L | V75: WR | X75: 우븐 | Y75: PLAIN | Z75: Ra_LV3 | AA75: GU_LV2 | AB75: 4L 구조 | AC75: 30D | AD75: 360T | AE75: EU GOOSE 8020 | AF75: 90G | AG75: 경량 | AH75: 650 | AI75: 중량패딩 | AJ75: 스탠다드 | AK75: 1002 | AL75: 169338000 | AM75: 14 | AN75: 2346000 | AO75: 152 | AP75: 23736405 | AQ75: 244 | AR75: 38433638 | AS75: =AQ75/AK75 -> 0.24351297
A76: =B76&I76 -> DMDJ8O046SIL | B76: DMDJ8O046 | C76: =MID(B76,3,5) -> DJ8O0 | D76: MAIN | E76: =MID($B76,2,1) -> M | F76: =MID($B76,3,2) -> DJ | G76: WINTER | H76: 남성 픽토르U (PICTOR) 구스다운 경량패딩 | I76: SIL | J76: =IF(B76=B75,"",1) | K76: 1 | L76: 169000 | M76: FLOW TEX | N76: CJP-430P-ST | O76: NYLON | P76: 100 | Q76: 20D | R76: 53G | S76: 398T | T76: Single L | V76: WR | X76: 우븐 | Y76: PLAIN | Z76: Ra_LV3 | AA76: GU_LV2 | AB76: 4L 구조 | AC76: 30D | AD76: 360T | AE76: EU GOOSE 8020 | AF76: 90G | AG76: 경량 | AH76: 650 | AI76: 중량패딩 | AJ76: 스탠다드 | AK76: 2010 | AL76: 339690000 | AM76: 39 | AN76: 6282094 | AO76: 347 | AP76: 54431462 | AQ76: 769 | AR76: 114484935 | AS76: =AQ76/AK76 -> 0.38258706
A77: =B77&I77 -> DMDJ8O046SAD | B77: DMDJ8O046 | C77: =MID(B77,3,5) -> DJ8O0 | D77: MAIN | E77: =MID($B77,2,1) -> M | F77: =MID($B77,3,2) -> DJ | G77: WINTER | H77: 남성 픽토르U (PICTOR) 구스다운 경량패딩 | I77: SAD | J77: =IF(B77=B76,"",1) | K77: 1 | L77: 169000 | M77: FLOW TEX | N77: CJP-430P-ST | O77: NYLON | P77: 100 | Q77: 20D | R77: 53G | S77: 398T | T77: Single L | V77: WR | X77: 우븐 | Y77: PLAIN | Z77: Ra_LV3 | AA77: GU_LV2 | AB77: 4L 구조 | AC77: 30D | AD77: 360T | AE77: EU GOOSE 8020 | AF77: 90G | AG77: 경량 | AH77: 650 | AI77: 중량패딩 | AJ77: 스탠다드 | AK77: 2010 | AL77: 339690000 | AM77: 238 | AN77: 27115498 | AO77: 1203 | AP77: 175843722 | AQ77: 1555 | AR77: 228969291 | AS77: =AQ77/AK77 -> 0.77363184
A78: =B78&I78 -> DWDJ8P046BKS | B78: DWDJ8P046 | C78: =MID(B78,3,5) -> DJ8P0 | D78: MAIN | E78: =MID($B78,2,1) -> W | F78: =MID($B78,3,2) -> DJ | G78: WINTER | H78: 여성 픽토르U (PICTOR) 구스다운 경량패딩 | I78: BKS | J78: =IF(B78=B77,"",1) -> 1 | K78: 1 | L78: 169000 | M78: FLOW TEX | N78: CJP-430P-ST | O78: NYLON | P78: 100 | Q78: 20D | R78: 53G | S78: 398T | T78: Single L | V78: WR | X78: 우븐 | Y78: PLAIN | Z78: Ra_LV3 | AA78: GU_LV2 | AB78: 4L 구조 | AC78: 30D | AD78: 360T | AE78: EU GOOSE 8020 | AF78: 75G | AG78: 경량 | AH78: 650 | AI78: 중량패딩 | AJ78: 세미크롭 | AK78: 8017 | AL78: 1354873000 | AM78: 279 | AN78: 41935760 | AO78: 3633 | AP78: 557039046 | AQ78: 5195 | AR78: 803661088 | AS78: =AQ78/AK78 -> 0.647998
A79: =B79&I79 -> DWDJ8P046IVS | B79: DWDJ8P046 | C79: =MID(B79,3,5) -> DJ8P0 | D79: MAIN | E79: =MID($B79,2,1) -> W | F79: =MID($B79,3,2) -> DJ | G79: WINTER | H79: 여성 픽토르U (PICTOR) 구스다운 경량패딩 | I79: IVS | J79: =IF(B79=B78,"",1) | K79: 1 | L79: 169000 | M79: FLOW TEX | N79: CJP-430P-ST | O79: NYLON | P79: 100 | Q79: 20D | R79: 53G | S79: 398T | T79: Single L | V79: WR | X79: 우븐 | Y79: PLAIN | Z79: Ra_LV3 | AA79: GU_LV2 | AB79: 4L 구조 | AC79: 30D | AD79: 360T | AE79: EU GOOSE 8020 | AF79: 75G | AG79: 경량 | AH79: 650 | AI79: 중량패딩 | AJ79: 세미크롭 | AK79: 9009 | AL79: 1522521000 | AM79: 180 | AN79: 29663905 | AO79: 3307 | AP79: 531999486 | AQ79: 4998 | AR79: 794585977 | AS79: =AQ79/AK79 -> 0.55477855
A80: =B80&I80 -> DWDJ8P046BGL | B80: DWDJ8P046 | C80: =MID(B80,3,5) -> DJ8P0 | D80: MAIN | E80: =MID($B80,2,1) -> W | F80: =MID($B80,3,2) -> DJ | G80: WINTER | H80: 여성 픽토르U (PICTOR) 구스다운 경량패딩 | I80: BGL | J80: =IF(B80=B79,"",1) | K80: 1 | L80: 169000 | M80: FLOW TEX | N80: CJP-430P-ST | O80: NYLON | P80: 100 | Q80: 20D | R80: 53G | S80: 398T | T80: Single L | V80: WR | X80: 우븐 | Y80: PLAIN | Z80: Ra_LV3 | AA80: GU_LV2 | AB80: 4L 구조 | AC80: 30D | AD80: 360T | AE80: EU GOOSE 8020 | AF80: 75G | AG80: 경량 | AH80: 650 | AI80: 중량패딩 | AJ80: 세미크롭 | AK80: 6000 | AL80: 1014000000 | AM80: 200 | AN80: 27507891 | AO80: 1936 | AP80: 296643581 | AQ80: 2854 | AR80: 439374390 | AS80: =AQ80/AK80 -> 0.47566667
A81: =B81&I81 -> DWDJ8P046VOS | B81: DWDJ8P046 | C81: =MID(B81,3,5) -> DJ8P0 | D81: MAIN | E81: =MID($B81,2,1) -> W | F81: =MID($B81,3,2) -> DJ | G81: WINTER | H81: 여성 픽토르U (PICTOR) 구스다운 경량패딩 | I81: VOS | J81: =IF(B81=B80,"",1) | K81: 1 | L81: 169000 | M81: FLOW TEX | N81: CJP-430P-ST | O81: NYLON | P81: 100 | Q81: 20D | R81: 53G | S81: 398T | T81: Single L | V81: WR | X81: 우븐 | Y81: PLAIN | Z81: Ra_LV3 | AA81: GU_LV2 | AB81: 4L 구조 | AC81: 30D | AD81: 360T | AE81: EU GOOSE 8020 | AF81: 75G | AG81: 경량 | AH81: 650 | AI81: 중량패딩 | AJ81: 세미크롭 | AK81: 989 | AL81: 167141000 | AM81: 13 | AN81: 2163030 | AO81: 161 | AP81: 24571067 | AQ81: 246 | AR81: 38229185 | AS81: =AQ81/AK81 -> 0.2487361
A82: =B82&I82 -> DWDJ8P046SIL | B82: DWDJ8P046 | C82: =MID(B82,3,5) -> DJ8P0 | D82: MAIN | E82: =MID($B82,2,1) -> W | F82: =MID($B82,3,2) -> DJ | G82: WINTER | H82: 여성 픽토르U (PICTOR) 구스다운 경량패딩 | I82: SIL | J82: =IF(B82=B81,"",1) | K82: 1 | L82: 169000 | M82: FLOW TEX | N82: CJP-430P-ST | O82: NYLON | P82: 100 | Q82: 20D | R82: 53G | S82: 398T | T82: Single L | V82: WR | X82: 우븐 | Y82: PLAIN | Z82: Ra_LV3 | AA82: GU_LV2 | AB82: 4L 구조 | AC82: 30D | AD82: 360T | AE82: EU GOOSE 8020 | AF82: 75G | AG82: 경량 | AH82: 650 | AI82: 중량패딩 | AJ82: 세미크롭 | AK82: 1506 | AL82: 254514000 | AM82: 12 | AN82: 2018000 | AO82: 472 | AP82: 73628089 | AQ82: 768 | AR82: 117655297 | AS82: =AQ82/AK82 -> 0.50996016
A83: =B83&I83 -> DXDJ8Q046BKS | B83: DXDJ8Q046 | C83: =MID(B83,3,5) -> DJ8Q0 | D83: MAIN | E83: =MID($B83,2,1) -> X | F83: =MID($B83,3,2) -> DJ | G83: WINTER | H83: NEW 픽토르 뉴퀼팅 (PICTOR) 구스다운 경량패딩 | I83: BKS | J83: =IF(B83=B82,"",1) -> 1 | K83: 1 | L83: 179000 | M83: KIS | N83: KIS-180710-02 SKIN | O83: POLYESTER | P83: 100 | Q83: 50D | R83: 75G | S83: 300T | T83: 2L | U83: 6mic | V83: WR | X83: 우븐 | Y83: PLAIN | Z83: Ra_LV2 | AA83: GU_LV2 | AB83: 4L 구조 | AC83: 30D | AD83: 360T | AE83: EU GOOSE 8020 | AF83: 90G | AG83: 경량 | AH83: 650 | AI83: 중량패딩 | AJ83: 스탠다드 | AK83: 4418 | AL83: 790822000 | AM83: 62 | AN83: 11019010 | AO83: 2294 | AP83: 376988606 | AQ83: 3054 | AR83: 506291744 | AS83: =AQ83/AK83 -> 0.69126301
A84: =B84&I84 -> DXDJ8Q046IVD | B84: DXDJ8Q046 | C84: =MID(B84,3,5) -> DJ8Q0 | D84: MAIN | E84: =MID($B84,2,1) -> X | F84: =MID($B84,3,2) -> DJ | G84: WINTER | H84: NEW 픽토르 뉴퀼팅 (PICTOR) 구스다운 경량패딩 | I84: IVD | J84: =IF(B84=B83,"",1) | K84: 1 | L84: 179000 | M84: KIS | N84: KIS-180710-02 SKIN | O84: POLYESTER | P84: 100 | Q84: 50D | R84: 75G | S84: 300T | T84: 2L | U84: 6mic | V84: WR | X84: 우븐 | Y84: PLAIN | Z84: Ra_LV2 | AA84: GU_LV2 | AB84: 4L 구조 | AC84: 30D | AD84: 360T | AE84: EU GOOSE 8020 | AF84: 90G | AG84: 경량 | AH84: 650 | AI84: 중량패딩 | AJ84: 스탠다드 | AK84: 1495 | AL84: 267605000 | AM84: 31 | AN84: 5223812 | AO84: 667 | AP84: 111123510 | AQ84: 934 | AR84: 156879717 | AS84: =AQ84/AK84 -> 0.62474916
A85: =B85&I85 -> DXDJ8Q046OLD | B85: DXDJ8Q046 | C85: =MID(B85,3,5) -> DJ8Q0 | D85: MAIN | E85: =MID($B85,2,1) -> X | F85: =MID($B85,3,2) -> DJ | G85: WINTER | H85: NEW 픽토르 뉴퀼팅 (PICTOR) 구스다운 경량패딩 | I85: OLD | J85: =IF(B85=B84,"",1) | K85: 1 | L85: 179000 | M85: KIS | N85: KIS-180710-02 SKIN | O85: POLYESTER | P85: 100 | Q85: 50D | R85: 75G | S85: 300T | T85: 2L | U85: 6mic | V85: WR | X85: 우븐 | Y85: PLAIN | Z85: Ra_LV2 | AA85: GU_LV2 | AB85: 4L 구조 | AC85: 30D | AD85: 360T | AE85: EU GOOSE 8020 | AF85: 90G | AG85: 경량 | AH85: 650 | AI85: 중량패딩 | AJ85: 스탠다드 | AK85: 990 | AL85: 177210000 | AM85: 39 | AN85: 6853978 | AO85: 479 | AP85: 80945140 | AQ85: 685 | AR85: 116698257 | AS85: =AQ85/AK85 -> 0.69191919
A86: =B86&I86 -> DXDJGE046CRS | B86: DXDJGE046 | C86: =MID(B86,3,5) -> DJGE0 | D86: MAIN | E86: =MID($B86,2,1) -> X | F86: =MID($B86,3,2) -> DJ | G86: WINTER | H86: 프리미엄 바시티 (VARSITY) 다운 중경량패딩 | I86: CRS | J86: =IF(B86=B85,"",1) -> 1 | K86: 1 | L86: 299000 | M86: 네오드림 | N86: NEO-22F231 (10mic) | O86: POLYESTER | P86: 100 | Q86: 75D | R86: 95G | S86: 209T | T86: 2L | U86: 10mic | V86: WR | X86: 우븐 | Y86: PLAIN | Z86: Ra_LV2 | AA86: GU_LV2 | AB86: 4L 구조 | AC86: 30D | AD86: 360T | AE86: EU DUCK 8020 | AF86: 150G | AG86: 중량 | AH86: 650 | AI86: 중량패딩 | AJ86: 스탠다드 | AK86: 2200 | AL86: 657800000 | AM86: 94 | AN86: 19688200 | AO86: 920 | AP86: 210660709 | AQ86: 1439 | AR86: 318873329 | AS86: =AQ86/AK86 -> 0.65409091
A87: =B87&I87 -> DXDJGE046BKS | B87: DXDJGE046 | C87: =MID(B87,3,5) -> DJGE0 | D87: MAIN | E87: =MID($B87,2,1) -> X | F87: =MID($B87,3,2) -> DJ | G87: WINTER | H87: 프리미엄 바시티 (VARSITY) 다운 중경량패딩 | I87: BKS | J87: =IF(B87=B86,"",1) | K87: 1 | L87: 299000 | M87: 네오드림 | N87: NEO-C22F238 (N) 10mic | O87: NYLON/POLYURETHANE | P87: 90/10 | Q87: 40D | R87: 108G | S87: 310T | T87: 2L | U87: 10mic | V87: WR | X87: 우븐 | Y87: PLAIN | Z87: Ra_LV2 | AA87: GU_LV2 | AB87: 4L 구조 | AC87: 30D | AD87: 360T | AE87: EU DUCK 8020 | AF87: 150G | AG87: 중량 | AH87: 650 | AI87: 중량패딩 | AJ87: 스탠다드 | AK87: 1800 | AL87: 538200000 | AM87: 94 | AN87: 19594170 | AO87: 1026 | AP87: 231967125 | AQ87: 1504 | AR87: 331412405 | AS87: =AQ87/AK87 -> 0.83555556
A88: =B88&I88 -> DMDJ61046BGD | B88: DMDJ61046 | C88: =MID(B88,3,5) -> DJ610 | D88: MAIN | E88: =MID($B88,2,1) -> M | F88: =MID($B88,3,2) -> DJ | G88: WINTER | H88: 남성 레스터G (LEICESTER) RDS 구스다운 숏패딩 | I88: BGD | J88: =IF(B88=B87,"",1) -> 1 | K88: 1 | L88: 359000 | M88: 원창 | N88: SK21-B-424 | O88: POLYESTER | P88: 100 | Q88: 50D | R88: 97G | S88: 220T | T88: 2L | U88: 10mic | V88: WR | X88: 우븐 | Y88: PLAIN | Z88: Ra_LV2 | AA88: GU_LV2 | AB88: 4L 구조 | AC88: 30D | AD88: 360T | AE88: EU GOOSE 8020 | AF88: 265G | AG88: 헤비 | AH88: 650 | AI88: 숏패딩 | AJ88: 스탠다드 | AK88: 1506 | AL88: 540654000 | AM88: 62 | AN88: 20307290 | AO88: 297 | AP88: 98508259 | AQ88: 752 | AR88: 255786928 | AS88: =AQ88/AK88 -> 0.49933599
A89: =B89&I89 -> DMDJ61046GRL | B89: DMDJ61046 | C89: =MID(B89,3,5) -> DJ610 | D89: MAIN | E89: =MID($B89,2,1) -> M | F89: =MID($B89,3,2) -> DJ | G89: WINTER | H89: 남성 레스터G (LEICESTER) RDS 구스다운 숏패딩 | I89: GRL | J89: =IF(B89=B88,"",1) | K89: 1 | L89: 359000 | M89: 원창 | N89: SK21-B-424 | O89: POLYESTER | P89: 100 | Q89: 50D | R89: 97G | S89: 220T | T89: 2L | U89: 10mic | V89: WR | X89: 우븐 | Y89: PLAIN | Z89: Ra_LV2 | AA89: GU_LV2 | AB89: 4L 구조 | AC89: 30D | AD89: 360T | AE89: EU GOOSE 8020 | AF89: 265G | AG89: 헤비 | AH89: 650 | AI89: 숏패딩 | AJ89: 스탠다드 | AK89: 2011 | AL89: 721949000 | AM89: 119 | AN89: 41739616 | AO89: 656 | AP89: 223609123 | AQ89: 1449 | AR89: 482729545 | AS89: =AQ89/AK89 -> 0.72053705
A90: =B90&I90 -> DMDJ61046BKS | B90: DMDJ61046 | C90: =MID(B90,3,5) -> DJ610 | D90: MAIN | E90: =MID($B90,2,1) -> M | F90: =MID($B90,3,2) -> DJ | G90: WINTER | H90: 남성 레스터G (LEICESTER) RDS 구스다운 숏패딩 | I90: BKS | J90: =IF(B90=B89,"",1) | K90: 1 | L90: 359000 | M90: 원창 | N90: SK21-B-424 | O90: POLYESTER | P90: 100 | Q90: 50D | R90: 97G | S90: 220T | T90: 2L | U90: 10mic | V90: WR | X90: 우븐 | Y90: PLAIN | Z90: Ra_LV2 | AA90: GU_LV2 | AB90: 4L 구조 | AC90: 30D | AD90: 360T | AE90: EU GOOSE 8020 | AF90: 265G | AG90: 헤비 | AH90: 650 | AI90: 숏패딩 | AJ90: 스탠다드 | AK90: 15813 | AL90: 5676867000 | AM90: 1030 | AN90: 348782150 | AO90: 4914 | AP90: 1685687109 | AQ90: 13008 | AR90: 4435633808 | AS90: =AQ90/AK90 -> 0.8226143
A91: =B91&I91 -> DMDJ61046CRS | B91: DMDJ61046 | C91: =MID(B91,3,5) -> DJ610 | D91: MAIN | E91: =MID($B91,2,1) -> M | F91: =MID($B91,3,2) -> DJ | G91: WINTER | H91: 남성 레스터G (LEICESTER) RDS 구스다운 숏패딩 | I91: CRS | J91: =IF(B91=B90,"",1) | K91: 1 | L91: 359000 | M91: 원창 | N91: SK21-B-424 | O91: POLYESTER | P91: 100 | Q91: 50D | R91: 97G | S91: 220T | T91: 2L | U91: 10mic | V91: WR | X91: 우븐 | Y91: PLAIN | Z91: Ra_LV2 | AA91: GU_LV2 | AB91: 4L 구조 | AC91: 30D | AD91: 360T | AE91: EU GOOSE 8020 | AF91: 265G | AG91: 헤비 | AH91: 650 | AI91: 숏패딩 | AJ91: 스탠다드 | AK91: 1005 | AL91: 360795000 | AM91: 64 | AN91: 22860789 | AO91: 272 | AP91: 94154449 | AQ91: 564 | AR91: 194477164 | AS91: =AQ91/AK91 -> 0.56119403
A92: =B92&I92 -> DMDJ61046MTS | B92: DMDJ61046 | C92: =MID(B92,3,5) -> DJ610 | D92: MAIN | E92: =MID($B92,2,1) -> M | F92: =MID($B92,3,2) -> DJ | G92: WINTER | H92: 남성 레스터G (LEICESTER) RDS 구스다운 숏패딩 | I92: MTS | J92: =IF(B92=B91,"",1) | K92: 1 | L92: 359000 | M92: 원창 | N92: SK21-B-424 | O92: POLYESTER | P92: 100 | Q92: 50D | R92: 97G | S92: 220T | T92: 2L | U92: 10mic | V92: WR | X92: 우븐 | Y92: PLAIN | Z92: Ra_LV2 | AA92: GU_LV2 | AB92: 4L 구조 | AC92: 30D | AD92: 360T | AE92: EU GOOSE 8020 | AF92: 265G | AG92: 헤비 | AH92: 650 | AI92: 숏패딩 | AJ92: 스탠다드 | AK92: 1006 | AL92: 361154000 | AM92: 13 | AN92: 4513400 | AO92: 72 | AP92: 25242368 | AQ92: 178 | AR92: 61323414 | AS92: =AQ92/AK92 -> 0.17693837
A93: =B93&I93 -> DMDJ61046BRD | B93: DMDJ61046 | C93: =MID(B93,3,5) -> DJ610 | D93: SPOT | E93: =MID($B93,2,1) -> M | F93: =MID($B93,3,2) -> DJ | G93: WINTER | H93: 남성 레스터G (LEICESTER) RDS 구스다운 숏패딩 | I93: BRD | J93: =IF(B93=B92,"",1) | K93: 1 | L93: 359000 | M93: 원창 | N93: SK21-B-424 | O93: POLYESTER | P93: 100 | Q93: 50D | R93: 97G | S93: 220T | T93: 2L | U93: 10mic | V93: WR | X93: 우븐 | Y93: PLAIN | Z93: Ra_LV2 | AA93: GU_LV2 | AB93: 4L 구조 | AC93: 30D | AD93: 360T | AE93: EU GOOSE 8020 | AF93: 265G | AG93: 헤비 | AH93: 650 | AI93: 숏패딩 | AJ93: 스탠다드 | AK93: 1500 | AL93: 538500000 | AM93: 62 | AN93: 22149000 | AO93: 124 | AP93: 43965182 | AQ93: 671 | AR93: 228756387 | AS93: =AQ93/AK93 -> 0.44733333
A94: =B94&I94 -> DWDJ62046GRL | B94: DWDJ62046 | C94: =MID(B94,3,5) -> DJ620 | D94: MAIN | E94: =MID($B94,2,1) -> W | F94: =MID($B94,3,2) -> DJ | G94: WINTER | H94: 여성 레스터G (LEICESTER) RDS 구스다운 숏패딩 | I94: GRL | J94: =IF(B94=B93,"",1) -> 1 | K94: 1 | L94: 359000 | M94: 원창 | N94: SK21-B-424 | O94: POLYESTER | P94: 100 | Q94: 50D | R94: 97G | S94: 220T | T94: 2L | U94: 10mic | V94: WR | X94: 우븐 | Y94: PLAIN | Z94: Ra_LV2 | AA94: GU_LV2 | AB94: 4L 구조 | AC94: 30D | AD94: 360T | AE94: EU GOOSE 8020 | AF94: 225G | AG94: 헤비 | AH94: 650 | AI94: 숏패딩 | AJ94: 스탠다드 | AK94: 1507 | AL94: 541013000 | AM94: 88 | AN94: 30745191 | AO94: 525 | AP94: 184057710 | AQ94: 1112 | AR94: 385805661 | AS94: =AQ94/AK94 -> 0.73788985
A95: =B95&I95 -> DWDJ62046BKS | B95: DWDJ62046 | C95: =MID(B95,3,5) -> DJ620 | D95: MAIN | E95: =MID($B95,2,1) -> W | F95: =MID($B95,3,2) -> DJ | G95: WINTER | H95: 여성 레스터G (LEICESTER) RDS 구스다운 숏패딩 | I95: BKS | J95: =IF(B95=B94,"",1) | K95: 1 | L95: 359000 | M95: 원창 | N95: SK21-B-424 | O95: POLYESTER | P95: 100 | Q95: 50D | R95: 97G | S95: 220T | T95: 2L | U95: 10mic | V95: WR | X95: 우븐 | Y95: PLAIN | Z95: Ra_LV2 | AA95: GU_LV2 | AB95: 4L 구조 | AC95: 30D | AD95: 360T | AE95: EU GOOSE 8020 | AF95: 225G | AG95: 헤비 | AH95: 650 | AI95: 숏패딩 | AJ95: 스탠다드 | AK95: 11048 | AL95: 3966232000 | AM95: 756 | AN95: 258298273 | AO95: 3295 | AP95: 1147465870 | AQ95: 7955 | AR95: 2742808305 | AS95: =AQ95/AK95 -> 0.72003983
A96: =B96&I96 -> DWDJ62046CRS | B96: DWDJ62046 | C96: =MID(B96,3,5) -> DJ620 | D96: MAIN | E96: =MID($B96,2,1) -> W | F96: =MID($B96,3,2) -> DJ | G96: WINTER | H96: 여성 레스터G (LEICESTER) RDS 구스다운 숏패딩 | I96: CRS | J96: =IF(B96=B95,"",1) | K96: 1 | L96: 359000 | M96: 원창 | N96: SK21-B-424 | O96: POLYESTER | P96: 100 | Q96: 50D | R96: 97G | S96: 220T | T96: 2L | U96: 10mic | V96: WR | X96: 우븐 | Y96: PLAIN | Z96: Ra_LV2 | AA96: GU_LV2 | AB96: 4L 구조 | AC96: 30D | AD96: 360T | AE96: EU GOOSE 8020 | AF96: 225G | AG96: 헤비 | AH96: 650 | AI96: 숏패딩 | AJ96: 스탠다드 | AK96: 3019 | AL96: 1083821000 | AM96: 147 | AN96: 51865755 | AO96: 730 | AP96: 253678288 | AQ96: 1608 | AR96: 542438837 | AS96: =AQ96/AK96 -> 0.5326267
A97: =B97&I97 -> DWDJ62046BGD | B97: DWDJ62046 | C97: =MID(B97,3,5) -> DJ620 | D97: MAIN | E97: =MID($B97,2,1) -> W | F97: =MID($B97,3,2) -> DJ | G97: WINTER | H97: 여성 레스터G (LEICESTER) RDS 구스다운 숏패딩 | I97: BGD | J97: =IF(B97=B96,"",1) | K97: 1 | L97: 359000 | M97: 원창 | N97: SK21-B-424 | O97: POLYESTER | P97: 100 | Q97: 50D | R97: 97G | S97: 220T | T97: 2L | U97: 10mic | V97: WR | X97: 우븐 | Y97: PLAIN | Z97: Ra_LV2 | AA97: GU_LV2 | AB97: 4L 구조 | AC97: 30D | AD97: 360T | AE97: EU GOOSE 8020 | AF97: 225G | AG97: 헤비 | AH97: 650 | AI97: 숏패딩 | AJ97: 스탠다드 | AK97: 1504 | AL97: 539936000 | AM97: 35 | AN97: 12482594 | AO97: 175 | AP97: 61919437 | AQ97: 494 | AR97: 171664769 | AS97: =AQ97/AK97 -> 0.32845745
A98: =B98&I98 -> DWDJ62046BRL | B98: DWDJ62046 | C98: =MID(B98,3,5) -> DJ620 | D98: MAIN | E98: =MID($B98,2,1) -> W | F98: =MID($B98,3,2) -> DJ | G98: WINTER | H98: 여성 레스터G (LEICESTER) RDS 구스다운 숏패딩 | I98: BRL | J98: =IF(B98=B97,"",1) | K98: 1 | L98: 359000 | M98: 원창 | N98: SK21-B-424 | O98: POLYESTER | P98: 100 | Q98: 50D | R98: 97G | S98: 220T | T98: 2L | U98: 10mic | V98: WR | X98: 우븐 | Y98: PLAIN | Z98: Ra_LV2 | AA98: GU_LV2 | AB98: 4L 구조 | AC98: 30D | AD98: 360T | AE98: EU GOOSE 8020 | AF98: 225G | AG98: 헤비 | AH98: 650 | AI98: 숏패딩 | AJ98: 스탠다드 | AK98: 1005 | AL98: 360795000 | AM98: 56 | AN98: 19786600 | AO98: 330 | AP98: 116101679 | AQ98: 666 | AR98: 230482615 | AS98: =AQ98/AK98 -> 0.66268657
A99: =B99&I99 -> DWDJ62046BRD | B99: DWDJ62046 | C99: =MID(B99,3,5) -> DJ620 | D99: SPOT | E99: =MID($B99,2,1) -> W | F99: =MID($B99,3,2) -> DJ | G99: WINTER | H99: 여성 레스터G (LEICESTER) RDS 구스다운 숏패딩 | I99: BRD | J99: =IF(B99=B98,"",1) | K99: 1 | L99: 359000 | M99: 원창 | N99: SK21-B-424 | O99: POLYESTER | P99: 100 | Q99: 50D | R99: 97G | S99: 220T | T99: 2L | U99: 10mic | V99: WR | X99: 우븐 | Y99: PLAIN | Z99: Ra_LV2 | AA99: GU_LV2 | AB99: 4L 구조 | AC99: 30D | AD99: 360T | AE99: EU GOOSE 8020 | AF99: 225G | AG99: 헤비 | AH99: 650 | AI99: 숏패딩 | AJ99: 스탠다드 | AK99: 1000 | AL99: 359000000 | AM99: 43 | AN99: 15192200 | AO99: 95 | AP99: 33573556 | AQ99: 414 | AR99: 144377892 | AS99: =AQ99/AK99 -> 0.414
... A118: =B118&I118 -> DWDJ68046IVD | B118: DWDJ68046 | C118: =MID(B118,3,5) -> DJ680 | D118: MAIN | E118: =MID($B118,2,1) -> W | F118: =MID($B118,3,2) -> DJ | G118: WINTER | H118: 여성 레스터G (LEICESTER) RDS 구스다운 롱패딩 | I118: IVD | J118: =IF(B118=B117,"",1) | K118: 1 | L118: 399000 | M118: 원창 | N118: SK21-B-424 | O118: POLYESTER | P118: 100 | Q118: 50D | R118: 97G | S118: 220T | T118: 2L | U118: 10mic | V118: WR | X118: 우븐 | Y118: PLAIN | Z118: Ra_LV2 | AA118: GU_LV2 | AB118: 4L 구조 | AC118: 40D | AD118: 320T | AE118: EU GOOSE 8020 | AF118: 285G | AG118: 헤비 | AH118: 650 | AI118: 롱패딩 | AJ118: 롱 | AK118: 3998 | AL118: 1595202000 | AM118: 112 | AN118: 43746043 | AO118: 881 | AP118: 326408142 | AQ118: 1884 | AR118: 701915905 | AS118: =AQ118/AK118 -> 0.47123562
A119: =B119&I119 -> DMDJ71046LKS | B119: DMDJ71046 | C119: =MID(B119,3,5) -> DJ710 | D119: MAIN | E119: =MID($B119,2,1) -> M | F119: =MID($B119,3,2) -> DJ | G119: WINTER | H119: 남성 픽시버G 튜브 구스다운 경량패딩 | I119: LKS | J119: =IF(B119=B118,"",1) -> 1 | K119: 1 | L119: 169000 | M119: 영보 | N119: PF-20918 (P30D 평행 튜브) 4.5CM | O119: POLYESTER | P119: 100 | Q119: 30D | R119: 135G | S119: 442T | T119: Single L | V119: WR | X119: 우븐 | Y119: TUBE | Z119: Ra_LV2 | AA119: GU_LV2 | AB119: 2L 구조(튜브) | AC119: (다운백 없음) | AD119: =AC119 -> (다운백 없음) | AE119: EU GOOSE 8020 | AF119: 99G | AG119: 경량 | AH119: 650 | AI119: 경량패딩 | AJ119: 스탠다드 | AK119: 702 | AL119: 118638000 | AM119: 8 | AN119: 1342000 | AO119: 316 | AP119: 48571573 | AQ119: 407 | AR119: 63652193 | AS119: =AQ119/AK119 -> 0.57977208
A120: =B120&I120 -> DMDJ71046BKS | B120: DMDJ71046 | C120: =MID(B120,3,5) -> DJ710 | D120: MAIN | E120: =MID($B120,2,1) -> M | F120: =MID($B120,3,2) -> DJ | G120: WINTER | H120: 남성 픽시버G 튜브 구스다운 경량패딩 | I120: BKS | J120: =IF(B120=B119,"",1) | K120: 1 | L120: 169000 | M120: 영보 | N120: PF-20918 (P30D 평행 튜브) 4.5CM | O120: POLYESTER | P120: 100 | Q120: 30D | R120: 135G | S120: 442T | T120: Single L | V120: WR | X120: 우븐 | Y120: TUBE | Z120: Ra_LV2 | AA120: GU_LV2 | AB120: 2L 구조(튜브) | AC120: (다운백 없음) | AD120: =AC120 -> (다운백 없음) | AE120: EU GOOSE 8020 | AF120: 99G | AG120: 경량 | AH120: 650 | AI120: 경량패딩 | AJ120: 스탠다드 | AK120: 7495 | AL120: 1266655000 | AM120: 114 | AN120: 17818560 | AO120: 3053 | AP120: 434518939 | AQ120: 4488 | AR120: 645126547 | AS120: =AQ120/AK120 -> 0.5987992
A121: =B121&I121 -> DMDJ71046IVD | B121: DMDJ71046 | C121: =MID(B121,3,5) -> DJ710 | D121: MAIN | E121: =MID($B121,2,1) -> M | F121: =MID($B121,3,2) -> DJ | G121: WINTER | H121: 남성 픽시버G 튜브 구스다운 경량패딩 | I121: IVD | J121: =IF(B121=B120,"",1) | K121: 1 | L121: 169000 | M121: 영보 | N121: PF-20918 (P30D 평행 튜브) 4.5CM | O121: POLYESTER | P121: 100 | Q121: 30D | R121: 135G | S121: 442T | T121: Single L | V121: WR | X121: 우븐 | Y121: TUBE | Z121: Ra_LV2 | AA121: GU_LV2 | AB121: 2L 구조(튜브) | AC121: (다운백 없음) | AD121: =AC121 -> (다운백 없음) | AE121: EU GOOSE 8020 | AF121: 99G | AG121: 경량 | AH121: 650 | AI121: 경량패딩 | AJ121: 스탠다드 | AK121: 1803 | AL121: 304707000 | AM121: 25 | AN121: 3806360 | AO121: 703 | AP121: 91369489 | AQ121: 828 | AR121: 111474008 | AS121: =AQ121/AK121 -> 0.45923461
A122: =B122&I122 -> DWDJ72046BKS | B122: DWDJ72046 | C122: =MID(B122,3,5) -> DJ720 | D122: MAIN | E122: =MID($B122,2,1) -> W | F122: =MID($B122,3,2) -> DJ | G122: WINTER | H122: 여성 픽시버G 튜브 구스다운 경량패딩 | I122: BKS | J122: =IF(B122=B121,"",1) -> 1 | K122: 1 | L122: 169000 | M122: 영보 | N122: PF-20918 (P30D 평행 튜브) 4.5CM | O122: POLYESTER | P122: 100 | Q122: 30D | R122: 135G | S122: 442T | T122: Single L | V122: WR | X122: 우븐 | Y122: TUBE | Z122: Ra_LV2 | AA122: GU_LV2 | AB122: 2L 구조(튜브) | AC122: (다운백 없음) | AD122: =AC122 -> (다운백 없음) | AE122: EU GOOSE 8020 | AF122: 66G | AG122: 경량 | AH122: 650 | AI122: 경량패딩 | AJ122: 스탠다드 | AK122: 3000 | AL122: 507000000 | AM122: 34 | AN122: 5267665 | AO122: 897 | AP122: 132490154 | AQ122: 1277 | AR122: 189980419 | AS122: =AQ122/AK122 -> 0.42566667
...

Sheet DJ 2025 FW
B1: 2025FW 다운 | AK1: =AK3/'DJ 2024 FW'!AK3-1 -> -0.040643088 | AL1: =AL3/'DJ 2024 FW'!AL3-1 -> -0.017044975 | AM1: =AM3/'DJ 2024 FW'!AM3-1 -> -0.11867029 | AN1: =AN3/'DJ 2024 FW'!AN3-1 -> -0.0014128931 | AO1: =AO3/'DJ 2024 FW'!AO3-1 -> -0.21270698 | AP1: =AP3/'DJ 2024 FW'!AP3-1 -> -0.13456743 | AQ1: =AQ3/'DJ 2024 FW'!AQ3-1 -> -0.088121009 | AR1: =AR3/'DJ 2024 FW'!AR3-1 -> -0.02541798 | AS1: =AS3-'DJ 2024 FW'!AS3 -> -0.029388614
B2: ▶제품 기준 정보 | M2: ▶소재 스팩 정보 | X2: ▶소재 외관 정보 | AB2: ▶다운백 정보 | AE2: ▶충전재 정보 | AI2: ▶디자인 정보 | AK2: ▶발주, 판매 정보 (251207일자)
D3: CN 이관 제외 | J3: =SUBTOTAL(9,$J$5:$J$999) -> 80 | K3: =SUBTOTAL(9,$K$5:$K$999) -> 259 | Z3: Ra값 (Roughness Average) | AA3: GU값 (Gloss Units) | AK3: =SUBTOTAL(9,AK5:AK999) -> 636281 | AL3: =SUBTOTAL(9,AL5:AL999) -> 209443892000 | AM3: =SUBTOTAL(9,AM5:AM999) -> 30197 | AN3: =SUBTOTAL(9,AN5:AN999) -> 9881533088 | AO3: =SUBTOTAL(9,AO5:AO999) -> 162750 | AP3: =SUBTOTAL(9,AP5:AP999) -> 46804354350 | AQ3: =SUBTOTAL(9,AQ5:AQ999) -> 359148.1 | AR3: =SUBTOTAL(9,AR5:AR999) -> 1.0664607e+11 | AS3: =AQ3/AK3 -> 0.56444888
B4: 품번 (9자리) | C4: 품번 (5자리) | D4: 발주 구분 | E4: 성별 코드 | F4: 아이템코드 | G4: 시즌 | H4: 제품명 | I4: 컬러코드 | J4: 스타일수 | K4: 컬러수 | L4: 예상TAG가 | M4: 소재처 | N4: 소재명 | O4: 소재 혼용율 | P4: 소재 혼용율% | Q4: 원사 데니아(D) | R4: 소재 중량(G) | S4: 소재 밀도(T) | T4: 레이어(필름) | U4: 레이어(필름) 두께 | V4: 소재 후가공 | W4: 소재 TAG | X4: 소재 구분 | Y4: 소재 조직 | Z4: 소재 텍스쳐(Ra) LEVEL | AA4: 소재 광택(GU) LEVEL | AB4: 다운백 구조 | AC4: 다운백 데니아(D) | AD4: 다운백 밀도(T) | AE4: 충전재 사종 | AF4: 충전재양(G) | AG4: 중량 구분 | AH4: 필파워 | AI4: 디자인 형태 | AJ4: 기장 | AK4: 발주 수량 | AL4: 발주 금액 | AM4: 주간 판매 수량 | AN4: 주간 판매 금액 | AO4: 누계 판매 수량 | AP4: 누계 판매 금액 | AQ4: 마감 판매수량 | AR4: 마감 판매금액 | AS4: 마감 판매율
A5: =B5&I5 -> DWDJ9M056GRL | B5: DWDJ9M056 | C5: =MID(B5,3,5) -> DJ9M0 | D5: MAIN | E5: =MID($B5,2,1) -> W | F5: =MID($B5,3,2) -> DJ | G5: WINTER | H5: 여성 올버트 뉴퀼팅 구스다운 경량패딩 | I5: GRL | J5: 1 | K5: 1 | L5: 279000 | M5: BOMTEX | N5: BOM-SB4129CC | O5: NYLON | P5: 100 | Q5: 10D | R5: 28G | S5: 470T | T5: Single L | V5: WR | X5: 우븐 | Y5: RIPSTOP | Z5: Ra_LV2 | AA5: GU_LV4 | AB5: 4L 구조 | AC5: 20D | AD5: 400T | AE5: EU GOOSE 8020 | AF5: 110G | AG5: 경량 | AH5: 650 | AI5: 경량패딩 | AJ5: 크롭 | AK5: =997+1200 -> 2197 | AL5: =AK5*L5 -> 612963000 | AM5: -1 | AN5: -464470 | AO5: 921 | AP5: 244285631 | AQ5: =AK5*AS5 -> 1977.3 | AR5: =(AL5*AS5)*0.92 -> 507533364 | AS5: 0.9
A6: =B6&I6 -> DWDJ9M056BKS | B6: DWDJ9M056 | C6: =MID(B6,3,5) -> DJ9M0 | D6: MAIN | E6: =MID($B6,2,1) -> W | F6: =MID($B6,3,2) -> DJ | G6: WINTER | H6: 여성 올버트 뉴퀼팅 구스다운 경량패딩 | I6: BKS | J6: =IF(B6=B5,"",1) | K6: 1 | L6: 279000 | M6: BOMTEX | N6: BOM-SB4129CC | O6: NYLON | P6: 100 | Q6: 10D | R6: 28G | S6: 470T | T6: Single L | V6: WR | X6: 우븐 | Y6: RIPSTOP | Z6: Ra_LV2 | AA6: GU_LV4 | AB6: 4L 구조 | AC6: 20D | AD6: 400T | AE6: EU GOOSE 8020 | AF6: 110G | AG6: 경량 | AH6: 650 | AI6: 경량패딩 | AJ6: 크롭 | AK6: 1774 | AL6: =AK6*L6 -> 494946000 | AM6: 40 | AN6: 10138532 | AO6: 577 | AP6: 152242676 | AQ6: =AK6*AS6 -> 1020.5 | AR6: =(AL6*AS6)*0.92 -> 2.6194194e+08 | AS6: 0.57525366
A7: =B7&I7 -> DWDJ9M056TQD | B7: DWDJ9M056 | C7: =MID(B7,3,5) -> DJ9M0 | D7: MAIN | E7: =MID($B7,2,1) -> W | F7: =MID($B7,3,2) -> DJ | G7: WINTER | H7: 여성 올버트 뉴퀼팅 구스다운 경량패딩 | I7: TQD | J7: =IF(B7=B6,"",1) | K7: 1 | L7: 279000 | M7: BOMTEX | N7: BOM-SB4129CC | O7: NYLON | P7: 100 | Q7: 10D | R7: 28G | S7: 470T | T7: Single L | V7: WR | X7: 우븐 | Y7: RIPSTOP | Z7: Ra_LV2 | AA7: GU_LV4 | AB7: 4L 구조 | AC7: 20D | AD7: 400T | AE7: EU GOOSE 8020 | AF7: 110G | AG7: 경량 | AH7: 650 | AI7: 경량패딩 | AJ7: 크롭 | AK7: 2010 | AL7: =AK7*L7 -> 560790000 | AM7: 37 | AN7: 9154121 | AO7: 598 | AP7: 156695090 | AQ7: =AK7*AS7 -> 1100.5 | AR7: =(AL7*AS7)*0.92 -> 282476340 | AS7: 0.54751244
A8: =B8&I8 -> DWDJ9E056CRS | B8: DWDJ9E056 | C8: =MID(B8,3,5) -> DJ9E0 | D8: MAIN | E8: =MID($B8,2,1) -> W | F8: =MID($B8,3,2) -> DJ | G8: WINTER | H8: 여성 베르겐 퍼텍스 퀀텀 구스다운 크롭 숏패딩 | I8: CRS | J8: =IF(B8=B7,"",1) -> 1 | K8: 1 | L8: 379000 | M8: PERTEX | N8: PRP510-NFC | O8: POLYESTER | P8: 100 | Q8: 50D | R8: 74G | S8: 300T | T8: Single L | V8: DWR | W8: PERTEX | X8: 우븐 | Y8: RIPSTOP | Z8: Ra_LV3 | AA8: GU_LV3 | AB8: 4L 구조 | AC8: 20D | AD8: 400T | AE8: EU GOOSE 8020 | AF8: 140G | AG8: 헤비 | AH8: 650 | AI8: 크롭패딩 | AJ8: 세미크롭 | AK8: 743 | AL8: =AK8*L8 -> 281597000 | AM8: 7 | AN8: 2489229 | AO8: 62 | AP8: 22632257 | AQ8: =AK8*AS8 -> 284.9 | AR8: =(AL8*AS8)*0.92 -> 99338932 | AS8: 0.38344549
A9: =B9&I9 -> DWDJ9E056PPS | B9: DWDJ9E056 | C9: =MID(B9,3,5) -> DJ9E0 | D9: MAIN | E9: =MID($B9,2,1) -> W | F9: =MID($B9,3,2) -> DJ | G9: WINTER | H9: 여성 베르겐 퍼텍스 퀀텀 구스다운 크롭 숏패딩 | I9: PPS | J9: =IF(B9=B8,"",1) | K9: 1 | L9: 379000 | M9: PERTEX | N9: PRP510-NFC | O9: POLYESTER | P9: 100 | Q9: 50D | R9: 74G | S9: 300T | T9: Single L | V9: DWR | W9: PERTEX | X9: 우븐 | Y9: RIPSTOP | Z9: Ra_LV3 | AA9: GU_LV3 | AB9: 4L 구조 | AC9: 20D | AD9: 400T | AE9: EU GOOSE 8020 | AF9: 140G | AG9: 헤비 | AH9: 650 | AI9: 크롭패딩 | AJ9: 세미크롭 | AK9: 581 | AL9: =AK9*L9 -> 220199000 | AM9: 3 | AN9: 1073657 | AO9: 16 | AP9: 5877118 | AQ9: =AK9*AS9 -> 190.3 | AR9: =(AL9*AS9)*0.92 -> 66353804 | AS9: 0.32753873
A10: =B10&I10 -> DWDJ9E056BKS | B10: DWDJ9E056 | C10: =MID(B10,3,5) -> DJ9E0 | D10: MAIN | E10: =MID($B10,2,1) -> W | F10: =MID($B10,3,2) -> DJ | G10: WINTER | H10: 여성 베르겐 퍼텍스 퀀텀 구스다운 크롭 숏패딩 | I10: BKS | J10: =IF(B10=B9,"",1) | K10: 1 | L10: 379000 | M10: PERTEX | N10: PRP510-NFC | O10: POLYESTER | P10: 100 | Q10: 50D | R10: 74G | S10: 300T | T10: Single L | V10: DWR | W10: PERTEX | X10: 우븐 | Y10: RIPSTOP | Z10: Ra_LV3 | AA10: GU_LV3 | AB10: 4L 구조 | AC10: 20D | AD10: 400T | AE10: EU GOOSE 8020 | AF10: 140G | AG10: 헤비 | AH10: 650 | AI10: 크롭패딩 | AJ10: 세미크롭 | AK10: 771 | AL10: =AK10*L10 -> 292209000 | AM10: 16 | AN10: 5762285 | AO10: 87 | AP10: 31879373 | AQ10: =AK10*AS10 -> 318.3 | AR10: =(AL10*AS10)*0.92 -> 110984844 | AS10: 0.41284047
A11: =B11&I11 -> DWDJ9K056CRS | B11: DWDJ9K056 | C11: =MID(B11,3,5) -> DJ9K0 | D11: MAIN | E11: =MID($B11,2,1) -> W | F11: =MID($B11,3,2) -> DJ | G11: WINTER | H11: 여성 밀포드 베르텍스 구스다운 미드패딩 | I11: CRS | J11: =IF(B11=B10,"",1) -> 1 | K11: 1 | L11: 550000 | M11: 스케치 | N11: SK-24-0528-9 | O11: POLYESTER | P11: 100 | Q11: 30D | R11: 124G | S11: 362T | T11: 3L | U11: 30mic | V11: WR | W11: BERTEX | X11: 우븐 | Y11: RIPSTOP | Z11: Ra_LV3 | AA11: GU_LV2 | AB11: 4L 구조 | AC11: 20D | AD11: 400T | AE11: EU GOOSE 8020 | AF11: 200G | AG11: 헤비 | AH11: 650 | AI11: 미드패딩 | AJ11: 미드 | AK11: 732 | AL11: =AK11*L11 -> 402600000 | AM11: 68 | AN11: 34813678 | AO11: 237 | AP11: 125473022 | AQ11: =AK11*AS11 -> 493.2 | AR11: =(AL11*AS11)*0.92 -> 249559200 | AS11: 0.67377049
A12: =B12&I12 -> DWDJ9K056BKS | B12: DWDJ9K056 | C12: =MID(B12,3,5) -> DJ9K0 | D12: MAIN | E12: =MID($B12,2,1) -> W | F12: =MID($B12,3,2) -> DJ | G12: WINTER | H12: 여성 밀포드 베르텍스 구스다운 미드패딩 | I12: BKS | J12: =IF(B12=B11,"",1) | K12: 1 | L12: 550000 | M12: 스케치 | N12: SK-24-0528-9 | O12: POLYESTER | P12: 100 | Q12: 30D | R12: 124G | S12: 362T | T12: 3L | U12: 30mic | V12: WR | W12: BERTEX | X12: 우븐 | Y12: RIPSTOP | Z12: Ra_LV3 | AA12: GU_LV2 | AB12: 4L 구조 | AC12: 20D | AD12: 400T | AE12: EU GOOSE 8020 | AF12: 200G | AG12: 헤비 | AH12: 650 | AI12: 미드패딩 | AJ12: 미드 | AK12: 1346 | AL12: =AK12*L12 -> 740300000 | AM12: 142 | AN12: 72557383 | AO12: 447 | AP12: 233343523 | AQ12: =AK12*AS12 -> 918.1 | AR12: =(AL12*AS12)*0.92 -> 464558600 | AS12: 0.6820951
A13: =B13&I13 -> DWDJ9B056OLD | B13: DWDJ9B056 | C13: =MID(B13,3,5) -> DJ9B0 | D13: MAIN | E13: =MID($B13,2,1) -> W | F13: =MID($B13,3,2) -> DJ | G13: WINTER | H13: 여성 밀포드 베르텍스 벨티드 구스다운 롱패딩 | I13: OLD | J13: =IF(B13=B12,"",1) -> 1 | K13: 1 | L13: 630000 | M13: 스케치 | N13: SK-24-0728-3F | O13: POLYESTER | P13: 100 | Q13: 75D | R13: 137G | S13: 208T | T13: 3L | U13: 20mic | V13: WR | W13: BERTEX | X13: 우븐 | Y13: PLAIN | Z13: Ra_LV2 | AA13: GU_LV2 | AB13: 4L 구조 | AC13: 20D | AD13: 400T | AE13: EU GOOSE 8020 | AF13: 230G | AG13: 헤비 | AH13: 650 | AI13: 롱패딩 | AJ13: 롱 | AK13: 511 | AL13: =AK13*L13 -> 321930000 | AM13: 16 | AN13: 9355975 | AO13: 40 | AP13: 23844305 | AQ13: =AK13*AS13 -> 193.3 | AR13: =(AL13*AS13)*0.92 -> 112036680 | AS13: 0.37827789
A14: =B14&I14 -> DWDJ9B056BES | B14: DWDJ9B056 | C14: =MID(B14,3,5) -> DJ9B0 | D14: MAIN | E14: =MID($B14,2,1) -> W | F14: =MID($B14,3,2) -> DJ | G14: WINTER | H14: 여성 밀포드 베르텍스 벨티드 구스다운 롱패딩 | I14: BES | J14: =IF(B14=B13,"",1) | K14: 1 | L14: 630000 | M14: 스케치 | N14: SK-24-0728-3F | O14: POLYESTER | P14: 100 | Q14: 75D | R14: 137G | S14: 208T | T14: 3L | U14: 20mic | V14: WR | W14: BERTEX | X14: 우븐 | Y14: PLAIN | Z14: Ra_LV2 | AA14: GU_LV2 | AB14: 4L 구조 | AC14: 20D | AD14: 400T | AE14: EU GOOSE 8020 | AF14: 230G | AG14: 헤비 | AH14: 650 | AI14: 롱패딩 | AJ14: 롱 | AK14: 1628 | AL14: =AK14*L14 -> 1025640000 | AM14: 90 | AN14: 51920577 | AO14: 218 | AP14: 129492625 | AQ14: =AK14*AS14 -> 706.4 | AR14: =(AL14*AS14)*0.92 -> 4.0942944e+08 | AS14: 0.43390663
A15: =B15&I15 -> DWDJ9B056BKS | B15: DWDJ9B056 | C15: =MID(B15,3,5) -> DJ9B0 | D15: MAIN | E15: =MID($B15,2,1) -> W | F15: =MID($B15,3,2) -> DJ | G15: WINTER | H15: 여성 밀포드 베르텍스 벨티드 구스다운 롱패딩 | I15: BKS | J15: =IF(B15=B14,"",1) | K15: 1 | L15: 630000 | M15: 스케치 | N15: SK-24-0728-3F | O15: POLYESTER | P15: 100 | Q15: 75D | R15: 137G | S15: 208T | T15: 3L | U15: 20mic | V15: WR | W15: BERTEX | X15: 우븐 | Y15: PLAIN | Z15: Ra_LV2 | AA15: GU_LV2 | AB15: 4L 구조 | AC15: 20D | AD15: 400T | AE15: EU GOOSE 8020 | AF15: 230G | AG15: 헤비 | AH15: 650 | AI15: 롱패딩 | AJ15: 롱 | AK15: 3474 | AL15: =AK15*L15 -> 2188620000 | AM15: 267 | AN15: 154755487 | AO15: 652 | AP15: 387930953 | AQ15: =AK15*AS15 -> 1694.2 | AR15: =(AL15*AS15)*0.92 -> 981958320 | AS15: 0.48767991
A16: =B16&I16 -> DWDJ9F056CAS | B16: DWDJ9F056 | C16: =MID(B16,3,5) -> DJ9F0 | D16: MAIN | E16: =MID($B16,2,1) -> W | F16: =MID($B16,3,2) -> DJ | G16: WINTER | H16: 여성 올핀 다운 경량패딩 | I16: CAS | J16: =IF(B16=B15,"",1) -> 1 | K16: 1 | L16: 249000 | M16: BOMTEX | N16: BOM-SB4336WPUA | O16: NYLON | P16: 100 | Q16: 20D | R16: 39G | S16: 388T | T16: Single L | X16: 우븐 | Y16: PLAIN | Z16: Ra_LV2 | AA16: GU_LV2 | AB16: 4L 구조 | AC16: 20D | AD16: 400T | AE16: EU DUCK 8020 | AF16: 127G | AG16: 중량 | AH16: 650 | AI16: 중량패딩 | AJ16: 크롭 | AK16: 992 | AL16: =AK16*L16 -> 247008000 | AM16: 21 | AN16: 4817190 | AO16: 236 | AP16: 54271020 | AQ16: =AK16*AS16 -> 464.16 | AR16: =(AL16*AS16)*0.92 -> 1.0632977e+08 | AS16: 0.46790323
A17: =B17&I17 -> DWDJ9F056BKS | B17: DWDJ9F056 | C17: =MID(B17,3,5) -> DJ9F0 | D17: MAIN | E17: =MID($B17,2,1) -> W | F17: =MID($B17,3,2) -> DJ | G17: WINTER | H17: 여성 올핀 다운 경량패딩 | I17: BKS | J17: =IF(B17=B16,"",1) | K17: 1 | L17: 249000 | M17: BOMTEX | N17: BOM-SB4336WPUA | O17: NYLON | P17: 100 | Q17: 20D | R17: 39G | S17: 388T | T17: Single L | X17: 우븐 | Y17: PLAIN | Z17: Ra_LV2 | AA17: GU_LV2 | AB17: 4L 구조 | AC17: 20D | AD17: 400T | AE17: EU DUCK 8020 | AF17: 127G | AG17: 중량 | AH17: 650 | AI17: 중량패딩 | AJ17: 크롭 | AK17: 1478 | AL17: =AK17*L17 -> 368022000 | AM17: 29 | AN17: 6732866 | AO17: 452 | AP17: 104552915 | AQ17: =AK17*AS17 -> 791.94 | AR17: =(AL17*AS17)*0.92 -> 1.8141762e+08 | AS17: 0.53581867
A18: =B18&I18 -> DWDJ9F056CRS | B18: DWDJ9F056 | C18: =MID(B18,3,5) -> DJ9F0 | D18: MAIN | E18: =MID($B18,2,1) -> W | F18: =MID($B18,3,2) -> DJ | G18: WINTER | H18: 여성 올핀 다운 경량패딩 | I18: CRS | J18: =IF(B18=B17,"",1) | K18: 1 | L18: 249000 | M18: BOMTEX | N18: BOM-SB4336WPUA | O18: NYLON | P18: 100 | Q18: 20D | R18: 39G | S18: 388T | T18: Single L | X18: 우븐 | Y18: PLAIN | Z18: Ra_LV2 | AA18: GU_LV2 | AB18: 4L 구조 | AC18: 20D | AD18: 400T | AE18: EU DUCK 8020 | AF18: 127G | AG18: 중량 | AH18: 650 | AI18: 중량패딩 | AJ18: 크롭 | AK18: 986 | AL18: =AK18*L18 -> 245514000 | AM18: 36 | AN18: 8265712 | AO18: 484 | AP18: 111523754 | AQ18: =AK18*AS18 -> 710.78 | AR18: =(AL18*AS18)*0.92 -> 1.6282548e+08 | AS18: 0.72087221
A19: =B19&I19 -> DWDJ92056CRS | B19: DWDJ92056 | C19: =MID(B19,3,5) -> DJ920 | D19: MAIN | E19: =MID($B19,2,1) -> W | F19: =MID($B19,3,2) -> DJ | G19: WINTER | H19: 여성 멜로즈 튜브 다운 경량패딩 | I19: CRS | J19: =IF(B19=B18,"",1) -> 1 | K19: 1 | L19: 299000 | M19: 영보 | N19: PF-23032-12 (P30D 사각 튜브) 12CM | O19: POLYESTER | P19: 100 | Q19: 30D | R19: 135G | S19: 442T | T19: Single L | V19: WR | X19: 우븐 | Y19: TUBE | Z19: Ra_LV2 | AA19: GU_LV2 | AB19: 2L 구조(튜브) | AC19: (다운백 없음) | AD19: (다운백 없음) | AE19: EU DUCK 8020 | AF19: 175G | AG19: 중량 | AH19: 650 | AI19: 중량패딩 | AJ19: 세미크롭 | AK19: 990 | AL19: =AK19*L19 -> 296010000 | AM19: 53 | AN19: 14860666 | AO19: 655 | AP19: 184420517 | AQ19: =AK19*AS19 -> 882.7 | AR19: =(AL19*AS19)*0.92 -> 242813116 | AS19: 0.89161616
A20: =B20&I20 -> DWDJ92056BGL | B20: DWDJ92056 | C20: =MID(B20,3,5) -> DJ920 | D20: MAIN | E20: =MID($B20,2,1) -> W | F20: =MID($B20,3,2) -> DJ | G20: WINTER | H20: 여성 멜로즈 튜브 다운 경량패딩 | I20: BGL | J20: =IF(B20=B19,"",1) | K20: 1 | L20: 299000 | M20: 영보 | N20: PF-23032-12 (P30D 사각 튜브) 12CM | O20: POLYESTER | P20: 100 | Q20: 30D | R20: 135G | S20: 442T | T20: Single L | V20: WR | X20: 우븐 | Y20: TUBE | Z20: Ra_LV2 | AA20: GU_LV2 | AB20: 2L 구조(튜브) | AC20: (다운백 없음) | AD20: (다운백 없음) | AE20: EU DUCK 8020 | AF20: 175G | AG20: 중량 | AH20: 650 | AI20: 중량패딩 | AJ20: 세미크롭 | AK20: 1497 | AL20: =AK20*L20 -> 447603000 | AM20: 80 | AN20: 22406285 | AO20: 766 | AP20: 216269369 | AQ20: =AK20*AS20 -> 1110.31 | AR20: =(AL20*AS20)*0.92 -> 3.0542407e+08 | AS20: 0.74169005
A21: =B21&I21 -> DWDJ92056BKS | B21: DWDJ92056 | C21: =MID(B21,3,5) -> DJ920 | D21: MAIN | E21: =MID($B21,2,1) -> W | F21: =MID($B21,3,2) -> DJ | G21: WINTER | H21: 여성 멜로즈 튜브 다운 경량패딩 | I21: BKS | J21: =IF(B21=B20,"",1) | K21: 1 | L21: 299000 | M21: 영보 | N21: PF-23032-12 (P30D 사각 튜브) 12CM | O21: POLYESTER | P21: 100 | Q21: 30D | R21: 135G | S21: 442T | T21: Single L | V21: WR | X21: 우븐 | Y21: TUBE | Z21: Ra_LV2 | AA21: GU_LV2 | AB21: 2L 구조(튜브) | AC21: (다운백 없음) | AD21: (다운백 없음) | AE21: EU DUCK 8020 | AF21: 175G | AG21: 중량 | AH21: 650 | AI21: 중량패딩 | AJ21: 세미크롭 | AK21: =2997+600 -> 3597 | AL21: =AK21*L21 -> 1075503000 | AM21: 189 | AN21: 52427386 | AO21: 1918 | AP21: 541777479 | AQ21: =AK21*AS21 -> 3417.15 | AR21: =(AL21*AS21)*0.92 -> 939989622 | AS21: 0.95
A22: =B22&I22 -> DWDJ9H056BKS | B22: DWDJ9H056 | C22: =MID(B22,3,5) -> DJ9H0 | D22: MAIN | E22: =MID($B22,2,1) -> W | F22: =MID($B22,3,2) -> DJ | G22: WINTER | H22: 여성 멜로즈 다운 미드패딩 | I22: BKS | J22: =IF(B22=B21,"",1) -> 1 | K22: 1 | L22: 319000 | M22: TOPTEX | N22: TN00-2079 | O22: NYLON | P22: 100 | Q22: 20D | R22: 45G | S22: 400T | T22: Single L | V22: WR | X22: 우븐 | Y22: PLAIN | Z22: Ra_LV3 | AA22: GU_LV2 | AB22: 4L 구조 | AC22: 20D | AD22: 400T | AE22: EU DUCK 8020 | AF22: 180G | AG22: 중량 | AH22: 650 | AI22: 중량패딩 | AJ22: 미드 | AK22: 2471 | AL22: =AK22*L22 -> 788249000 | AM22: 119 | AN22: 28627289 | AO22: 788 | AP22: 227659673 | AQ22: =AK22*AS22 -> 1356.33 | AR22: =(AL22*AS22)*0.92 -> 3.9805573e+08 | AS22: 0.54889923
A23: =B23&I23 -> DWDJ9H056OLD | B23: DWDJ9H056 | C23: =MID(B23,3,5) -> DJ9H0 | D23: MAIN | E23: =MID($B23,2,1) -> W | F23: =MID($B23,3,2) -> DJ | G23: WINTER | H23: 여성 멜로즈 다운 미드패딩 | I23: OLD | J23: =IF(B23=B22,"",1) | K23: 1 | L23: 319000 | M23: TOPTEX | N23: TN00-2079 | O23: NYLON | P23: 100 | Q23: 20D | R23: 45G | S23: 400T | T23: Single L | V23: WR | X23: 우븐 | Y23: PLAIN | Z23: Ra_LV3 | AA23: GU_LV2 | AB23: 4L 구조 | AC23: 20D | AD23: 400T | AE23: EU DUCK 8020 | AF23: 180G | AG23: 중량 | AH23: 650 | AI23: 중량패딩 | AJ23: 미드 | AK23: 475 | AL23: =AK23*L23 -> 151525000 | AM23: 18 | AN23: 4284380 | AO23: 103 | AP23: 29308260 | AQ23: =AK23*AS23 -> 212.25 | AR23: =(AL23*AS23)*0.92 -> 62291130 | AS23: 0.44684211
A24: =B24&I24 -> DWDJ9H056BGL | B24: DWDJ9H056 | C24: =MID(B24,3,5) -> DJ9H0 | D24: MAIN | E24: =MID($B24,2,1) -> W | F24: =MID($B24,3,2) -> DJ | G24: WINTER | H24: 여성 멜로즈 다운 미드패딩 | I24: BGL | J24: =IF(B24=B23,"",1) | K24: 1 | L24: 319000 | M24: TOPTEX | N24: TN00-2079 | O24: NYLON | P24: 100 | Q24: 20D | R24: 45G | S24: 400T | T24: Single L | V24: WR | X24: 우븐 | Y24: PLAIN | Z24: Ra_LV3 | AA24: GU_LV2 | AB24: 4L 구조 | AC24: 20D | AD24: 400T | AE24: EU DUCK 8020 | AF24: 180G | AG24: 중량 | AH24: 650 | AI24: 중량패딩 | AJ24: 미드 | AK24: 1265 | AL24: =AK24*L24 -> 403535000 | AM24: 32 | AN24: 7825886 | AO24: 204 | AP24: 58760974 | AQ24: =AK24*AS24 -> 494.95 | AR24: =(AL24*AS24)*0.92 -> 1.4525793e+08 | AS24: 0.39126482
A25: =B25&I25 -> DWDJ9I056BGD | B25: DWDJ9I056 | C25: =MID(B25,3,5) -> DJ9I0 | D25: MAIN | E25: =MID($B25,2,1) -> W | F25: =MID($B25,3,2) -> DJ | G25: WINTER | H25: 여성 멜로즈 튜브 다운 롱패딩 | I25: BGD | J25: =IF(B25=B24,"",1) -> 1 | K25: 1 | L25: 339000 | M25: 영보 | N25: PF-23032-12 (P30D 사각 튜브) 12CM | O25: POLYESTER | P25: 100 | Q25: 30D | R25: 135G | S25: 442T | T25: Single L | V25: WR | X25: 우븐 | Y25: TUBE | Z25: Ra_LV2 | AA25: GU_LV2 | AB25: 2L 구조(튜브) | AC25: (다운백 없음) | AD25: (다운백 없음) | AE25: EU DUCK 8020 | AF25: 206G | AG25: 중량 | AH25: 650 | AI25: 중량패딩 | AJ25: 롱 | AK25: 887 | AL25: =AK25*L25 -> 300693000 | AM25: 29 | AN25: 7202010 | AO25: 158 | AP25: 48336309 | AQ25: =AK25*AS25 -> 362.01 | AR25: =(AL25*AS25)*0.92 -> 1.1290368e+08 | AS25: 0.40812852
A26: =B26&I26 -> DWDJ9I056BKS | B26: DWDJ9I056 | C26: =MID(B26,3,5) -> DJ9I0 | D26: MAIN | E26: =MID($B26,2,1) -> W | F26: =MID($B26,3,2) -> DJ | G26: WINTER | H26: 여성 멜로즈 튜브 다운 롱패딩 | I26: BKS | J26: =IF(B26=B25,"",1) | K26: 1 | L26: 339000 | M26: 영보 | N26: PF-23032-12 (P30D 사각 튜브) 12CM | O26: POLYESTER | P26: 100 | Q26: 30D | R26: 135G | S26: 442T | T26: Single L | V26: WR | X26: 우븐 | Y26: TUBE | Z26: Ra_LV2 | AA26: GU_LV2 | AB26: 2L 구조(튜브) | AC26: (다운백 없음) | AD26: (다운백 없음) | AE26: EU DUCK 8020 | AF26: 206G | AG26: 중량 | AH26: 650 | AI26: 중량패딩 | AJ26: 롱 | AK26: 2194 | AL26: =AK26*L26 -> 743766000 | AM26: 194 | AN26: 50099069 | AO26: 784 | AP26: 238572743 | AQ26: =AK26*AS26 -> 1288.62 | AR26: =(AL26*AS26)*0.92 -> 4.0189481e+08 | AS26: 0.5873382
A27: =B27&I27 -> DWDJ9I056DWS | B27: DWDJ9I056 | C27: =MID(B27,3,5) -> DJ9I0 | D27: MAIN | E27: =MID($B27,2,1) -> W | F27: =MID($B27,3,2) -> DJ | G27: WINTER | H27: 여성 멜로즈 튜브 다운 롱패딩 | I27: DWS | J27: =IF(B27=B26,"",1) | K27: 1 | L27: 339000 | M27: 영보 | N27: PF-23032-12 (P30D 사각 튜브) 12CM | O27: POLYESTER | P27: 100 | Q27: 30D | R27: 135G | S27: 442T | T27: Single L | V27: WR | X27: 우븐 | Y27: TUBE | Z27: Ra_LV2 | AA27: GU_LV2 | AB27: 2L 구조(튜브) | AC27: (다운백 없음) | AD27: (다운백 없음) | AE27: EU DUCK 8020 | AF27: 206G | AG27: 중량 | AH27: 650 | AI27: 중량패딩 | AJ27: 롱 | AK27: 493 | AL27: =AK27*L27 -> 167127000 | AM27: 20 | AN27: 5043192 | AO27: 105 | AP27: 32041117 | AQ27: =AK27*AS27 -> 218.39 | AR27: =(AL27*AS27)*0.92 -> 68111473 | AS27: 0.44298174
A28: =B28&I28 -> DWDJ93056BES | B28: DWDJ93056 | C28: =MID(B28,3,5) -> DJ930 | D28: MAIN | E28: =MID($B28,2,1) -> W | F28: =MID($B28,3,2) -> DJ | G28: WINTER | H28: 여성 올리브 글로우 다운 숏패딩 | I28: BES | J28: =IF(B28=B27,"",1) -> 1 | K28: 1 | L28: 299000 | M28: 스케치 | N28: SK20-0303-4SKIN | O28: NYLON | P28: 100 | Q28: 40D | R28: 81G | S28: 338T | T28: 2L | U28: 8mic | V28: WR | X28: 우븐 | Y28: PLAIN | Z28: Ra_LV3 | AA28: GU_LV2 | AB28: 4L 구조 | AC28: 20D | AD28: 400T | AE28: EU DUCK 8020 | AF28: 180G | AG28: 헤비 | AH28: 650 | AI28: 크롭패딩 | AJ28: 세미크롭 | AK28: =2007+1500 -> 3507 | AL28: =AK28*L28 -> 1048593000 | AM28: 172 | AN28: 47963108 | AO28: 963 | AP28: 276625460 | AQ28: =AK28*AS28 -> 2980.95 | AR28: =(AL28*AS28)*0.92 -> 819999726 | AS28: 0.85
A29: =B29&I29 -> DWDJ93056CRN | B29: DWDJ93056 | C29: =MID(B29,3,5) -> DJ930 | D29: MAIN | E29: =MID($B29,2,1) -> W | F29: =MID($B29,3,2) -> DJ | G29: WINTER | H29: 여성 올리브 글로우 다운 숏패딩 | I29: CRN | J29: =IF(B29=B28,"",1) | K29: 1 | L29: 299000 | M29: KIS | N29: MC-2572 FC | O29: POLYESTER | P29: 100 | Q29: 25D | R29: 53G | S29: 444T | T29: Single L | V29: DWR,CIRE | X29: 우븐 | Y29: PLAIN | Z29: Ra_LV1 | AA29: GU_LV4 | AB29: 4L 구조 | AC29: 20D | AD29: 400T | AE29: EU DUCK 8020 | AF29: 180G | AG29: 헤비 | AH29: 650 | AI29: 크롭패딩 | AJ29: 세미크롭 | AK29: 2530 | AL29: =AK29*L29 -> 756470000 | AM29: 35 | AN29: 9836163 | AO29: 210 | AP29: 60474340 | AQ29: =AK29*AS29 -> 969 | AR29: =(AL29*AS29)*0.92 -> 266552520 | AS29: 0.38300395
A30: =B30&I30 -> DWDJ93056BRD | B30: DWDJ93056 | C30: =MID(B30,3,5) -> DJ930 | D30: MAIN | E30: =MID($B30,2,1) -> W | F30: =MID($B30,3,2) -> DJ | G30: WINTER | H30: 여성 올리브 글로우 다운 숏패딩 | I30: BRD | J30: =IF(B30=B29,"",1) | K30: 1 | L30: 299000 | M30: FLOWTEX | N30: CJP-336 | O30: POLYESTER | P30: 100 | Q30: 30D | R30: 58G | S30: 322T | T30: 2L | U30: 7mic | X30: 우븐 | Y30: PLAIN | Z30: Ra_LV2 | AA30: GU_LV2 | AB30: 4L 구조 | AC30: 20D | AD30: 400T | AE30: EU DUCK 8020 | AF30: 180G | AG30: 헤비 | AH30: 650 | AI30: 크롭패딩 | AJ30: 세미크롭 | AK30: =2009+500 -> 2509 | AL30: =AK30*L30 -> 750191000 | AM30: 167 | AN30: 46437670 | AO30: 668 | AP30: 190773565 | AQ30: =AK30*AS30 -> 2132.65 | AR30: =(AL30*AS30)*0.92 -> 586649362 | AS30: 0.85
A31: =B31&I31 -> DWDJ93056BKN | B31: DWDJ93056 | C31: =MID(B31,3,5) -> DJ930 | D31: MAIN | E31: =MID($B31,2,1) -> W | F31: =MID($B31,3,2) -> DJ | G31: WINTER | H31: 여성 올리브 글로우 다운 숏패딩 | I31: BKN | J31: =IF(B31=B30,"",1) | K31: 1 | L31: 299000 | M31: KIS | N31: MC-2572 FC | O31: POLYESTER | P31: 100 | Q31: 25D | R31: 53G | S31: 444T | T31: Single L | V31: DWR,CIRE | X31: 우븐 | Y31: PLAIN | Z31: Ra_LV1 | AA31: GU_LV4 | AB31: 4L 구조 | AC31: 20D | AD31: 400T | AE31: EU DUCK 8020 | AF31: 180G | AG31: 헤비 | AH31: 650 | AI31: 크롭패딩 | AJ31: 세미크롭 | AK31: 3037 | AL31: =AK31*L31 -> 908063000 | AM31: 56 | AN31: 15898092 | AO31: 275 | AP31: 78636514 | AQ31: =AK31*AS31 -> 1186.1 | AR31: =(AL31*AS31)*0.92 -> 326272388 | AS31: 0.39054988
A32: =B32&I32 -> DWDJ93056PPD | B32: DWDJ93056 | C32: =MID(B32,3,5) -> DJ930 | D32: MAIN | E32: =MID($B32,2,1) -> W | F32: =MID($B32,3,2) -> DJ | G32: WINTER | H32: 여성 올리브 글로우 다운 숏패딩 | I32: PPD | J32: =IF(B32=B31,"",1) | K32: 1 | L32: 299000 | M32: 스케치 | N32: SK20-0303-4SKIN | O32: NYLON | P32: 100 | Q32: 40D | R32: 81G | S32: 338T | T32: 2L | U32: 8mic | V32: WR | X32: 우븐 | Y32: PLAIN | Z32: Ra_LV3 | AA32: GU_LV2 | AB32: 4L 구조 | AC32: 20D | AD32: 400T | AE32: EU DUCK 8020 | AF32: 180G | AG32: 헤비 | AH32: 650 | AI32: 크롭패딩 | AJ32: 세미크롭 | AK32: 878 | AL32: =AK32*L32 -> 262522000 | AM32: 26 | AN32: 7136675 | AO32: 297 | AP32: 85498347 | AQ32: =AK32*AS32 -> 560.4 | AR32: =(AL32*AS32)*0.92 -> 154154832 | AS32: 0.63826879
A33: =B33&I33 -> DWDJ93056SIL | B33: DWDJ93056 | C33: =MID(B33,3,5) -> DJ930 | D33: MAIN | E33: =MID($B33,2,1) -> W | F33: =MID($B33,3,2) -> DJ | G33: WINTER | H33: 여성 올리브 글로우 다운 숏패딩 | I33: SIL | J33: =IF(B33=B32,"",1) | K33: 1 | L33: 299000 | M33: FLOWTEX | N33: CJP-336 | O33: POLYESTER | P33: 100 | Q33: 30D | R33: 58G | S33: 322T | T33: 2L | U33: 7mic | X33: 우븐 | Y33: PLAIN | Z33: Ra_LV2 | AA33: GU_LV2 | AB33: 4L 구조 | AC33: 20D | AD33: 400T | AE33: EU DUCK 8020 | AF33: 180G | AG33: 헤비 | AH33: 650 | AI33: 크롭패딩 | AJ33: 세미크롭 | AK33: 4575 | AL33: =AK33*L33 -> 1367925000 | AM33: 97 | AN33: 25986694 | AO33: 556 | AP33: 158348792 | AQ33: =AK33*AS33 -> 1928.5 | AR33: =(AL33*AS33)*0.92 -> 530491780 | AS33: 0.42153005
A34: =B34&I34 -> DWDJ93056BKS | B34: DWDJ93056 | C34: =MID(B34,3,5) -> DJ930 | D34: MAIN | E34: =MID($B34,2,1) -> W | F34: =MID($B34,3,2) -> DJ | G34: WINTER | H34: 여성 올리브 글로우 다운 숏패딩 | I34: BKS | J34: =IF(B34=B33,"",1) | K34: 1 | L34: 299000 | M34: FLOWTEX | N34: CJP-336 | O34: POLYESTER | P34: 100 | Q34: 30D | R34: 58G | S34: 322T | T34: 2L | U34: 7mic | X34: 우븐 | Y34: PLAIN | Z34: Ra_LV2 | AA34: GU_LV2 | AB34: 4L 구조 | AC34: 20D | AD34: 400T | AE34: EU DUCK 8020 | AF34: 180G | AG34: 헤비 | AH34: 650 | AI34: 크롭패딩 | AJ34: 세미크롭 | AK34: 10761 | AL34: =AK34*L34 -> 3217539000 | AM34: 303 | AN34: 85281218 | AO34: 1352 | AP34: 386755794 | AQ34: =AK34*AS34 -> 4580.3 | AR34: =(AL34*AS34)*0.92 -> 1259948924 | AS34: 0.42563888
A35: =B35&I35 -> DWDJ93056CRS | B35: DWDJ93056 | C35: =MID(B35,3,5) -> DJ930 | D35: MAIN | E35: =MID($B35,2,1) -> W | F35: =MID($B35,3,2) -> DJ | G35: WINTER | H35: 여성 올리브 글로우 다운 숏패딩 | I35: CRS | J35: =IF(B35=B34,"",1) | K35: 1 | L35: 299000 | M35: FLOWTEX | N35: CJP-336 | O35: POLYESTER | P35: 100 | Q35: 30D | R35: 58G | S35: 322T | T35: 2L | U35: 7mic | X35: 우븐 | Y35: PLAIN | Z35: Ra_LV2 | AA35: GU_LV2 | AB35: 4L 구조 | AC35: 20D | AD35: 400T | AE35: EU DUCK 8020 | AF35: 180G | AG35: 헤비 | AH35: 650 | AI35: 크롭패딩 | AJ35: 세미크롭 | AK35: 6619 | AL35: =AK35*L35 -> 1979081000 | AM35: 134 | AN35: 37479297 | AO35: 705 | AP35: 202790267 | AQ35: =AK35*AS35 -> 2690.7 | AR35: =(AL35*AS35)*0.92 -> 740157756 | AS35: 0.40651156
A36: =B36&I36 -> DWDJ93056PKL | B36: DWDJ93056 | C36: =MID(B36,3,5) -> DJ930 | D36: SPOT | E36: =MID($B36,2,1) -> W | F36: =MID($B36,3,2) -> DJ | G36: WINTER | H36: 여성 올리브 글로우 다운 숏패딩 | I36: PKL | J36: =IF(B36=B35,"",1) | K36: 1 | L36: 299000 | M36: FLOWTEX | N36: CJP-336 | O36: POLYESTER | P36: 100 | Q36: 30D | R36: 58G | S36: 322T | T36: 2L | U36: 7mic | X36: 우븐 | Y36: PLAIN | Z36: Ra_LV2 | AA36: GU_LV2 | AB36: 4L 구조 | AC36: 20D | AD36: 400T | AE36: EU DUCK 8020 | AF36: 180G | AG36: 헤비 | AH36: 650 | AI36: 크롭패딩 | AJ36: 세미크롭 | AK36: 807 | AL36: =AK36*L36 -> 241293000 | AM36: 11 | AN36: 2943520 | AO36: 57 | AP36: 16183510 | AQ36: =AK36*AS36 -> 299.1 | AR36: =(AL36*AS36)*0.92 -> 82276428 | AS36: 0.37063197
A37: =B37&I37 -> DWDJ94056LWS | B37: DWDJ94056 | C37: =MID(B37,3,5) -> DJ940 | D37: MAIN | E37: =MID($B37,2,1) -> W | F37: =MID($B37,3,2) -> DJ | G37: WINTER | H37: 여성 올리아 글로우 다운 숏패딩 | I37: LWS | J37: =IF(B37=B36,"",1) -> 1 | K37: 1 | L37: 299000 | M37: FLOWTEX | N37: CJP-336 | O37: POLYESTER | P37: 100 | Q37: 30D | R37: 58G | S37: 322T | T37: 2L | U37: 7mic | X37: 우븐 | Y37: PLAIN | Z37: Ra_LV2 | AA37: GU_LV2 | AB37: 4L 구조 | AC37: 20D | AD37: 400T | AE37: EU DUCK 8020 | AF37: 180G | AG37: 헤비 | AH37: 650 | AI37: 크롭패딩 | AJ37: 크롭 | AK37: =1011+600 -> 1611 | AL37: =AK37*L37 -> 481689000 | AM37: 104 | AN37: 29318791 | AO37: 448 | AP37: 128577183 | AQ37: =AK37*AS37 -> 1369.35 | AR37: =(AL37*AS37)*0.92 -> 376680798 | AS37: 0.85
A38: =B38&I38 -> DWDJ94056BLN | B38: DWDJ94056 | C38: =MID(B38,3,5) -> DJ940 | D38: MAIN | E38: =MID($B38,2,1) -> W | F38: =MID($B38,3,2) -> DJ | G38: WINTER | H38: 여성 올리아 글로우 다운 숏패딩 | I38: BLN | J38: =IF(B38=B37,"",1) | K38: 1 | L38: 299000 | M38: SPM | N38: MC-233 | O38: NYLON | P38: 100 | Q38: 40D | R38: 55G | S38: 279T | T38: Single L | V38: WR,CIRE | X38: 우븐 | Y38: PLAIN | Z38: Ra_LV1 | AA38: GU_LV5 | AB38: 4L 구조 | AC38: 20D | AD38: 400T | AE38: EU DUCK 8020 | AF38: 180G | AG38: 헤비 | AH38: 650 | AI38: 크롭패딩 | AJ38: 크롭 | AK38: 606 | AL38: =AK38*L38 -> 181194000 | AM38: 11 | AN38: 3093927 | AO38: 118 | AP38: 34038964 | AQ38: =AK38*AS38 -> 299.8 | AR38: =(AL38*AS38)*0.92 -> 82468984 | AS38: 0.49471947
A39: =B39&I39 -> DWDJ94056BKS | B39: DWDJ94056 | C39: =MID(B39,3,5) -> DJ940 | D39: MAIN | E39: =MID($B39,2,1) -> W | F39: =MID($B39,3,2) -> DJ | G39: WINTER | H39: 여성 올리아 글로우 다운 숏패딩 | I39: BKS | J39: =IF(B39=B38,"",1) | K39: 1 | L39: 299000 | M39: FLOWTEX | N39: CJP-336 | O39: POLYESTER | P39: 100 | Q39: 30D | R39: 58G | S39: 322T | T39: 2L | U39: 7mic | X39: 우븐 | Y39: PLAIN | Z39: Ra_LV2 | AA39: GU_LV2 | AB39: 4L 구조 | AC39: 20D | AD39: 400T | AE39: EU DUCK 8020 | AF39: 180G | AG39: 헤비 | AH39: 650 | AI39: 크롭패딩 | AJ39: 크롭 | AK39: 9648 | AL39: =AK39*L39 -> 2884752000 | AM39: 570 | AN39: 162103656 | AO39: 2675 | AP39: 773563664 | AQ39: =AK39*AS39 -> 5569.4 | AR39: =(AL39*AS39)*0.92 -> 1532030552 | AS39: 0.57725954
A40: =B40&I40 -> DWDJ94056BGS | B40: DWDJ94056 | C40: =MID(B40,3,5) -> DJ940 | D40: MAIN | E40: =MID($B40,2,1) -> W | F40: =MID($B40,3,2) -> DJ | G40: WINTER | H40: 여성 올리아 글로우 다운 숏패딩 | I40: BGS | J40: =IF(B40=B39,"",1) | K40: 1 | L40: 299000 | M40: FLOWTEX | N40: CJP-336 | O40: POLYESTER | P40: 100 | Q40: 30D | R40: 58G | S40: 322T | T40: 2L | U40: 7mic | X40: 우븐 | Y40: PLAIN | Z40: Ra_LV2 | AA40: GU_LV2 | AB40: 4L 구조 | AC40: 20D | AD40: 400T | AE40: EU DUCK 8020 | AF40: 180G | AG40: 헤비 | AH40: 650 | AI40: 크롭패딩 | AJ40: 크롭 | AK40: 1011 | AL40: =AK40*L40 -> 302289000 | AM40: 31 | AN40: 8913942 | AO40: 191 | AP40: 54970180 | AQ40: =AK40*AS40 -> 494.3 | AR40: =(AL40*AS40)*0.92 -> 135972044 | AS40: 0.48892186
A41: =B41&I41 -> DWDJ94056CRS | B41: DWDJ94056 | C41: =MID(B41,3,5) -> DJ940 | D41: MAIN | E41: =MID($B41,2,1) -> W | F41: =MID($B41,3,2) -> DJ | G41: WINTER | H41: 여성 올리아 글로우 다운 숏패딩 | I41: CRS | J41: =IF(B41=B40,"",1) | K41: 1 | L41: 299000 | M41: FLOWTEX | N41: CJP-336 | O41: POLYESTER | P41: 100 | Q41: 30D | R41: 58G | S41: 322T | T41: 2L | U41: 7mic | X41: 우븐 | Y41: PLAIN | Z41: Ra_LV2 | AA41: GU_LV2 | AB41: 4L 구조 | AC41: 20D | AD41: 400T | AE41: EU DUCK 8020 | AF41: 180G | AG41: 헤비 | AH41: 650 | AI41: 크롭패딩 | AJ41: 크롭 | AK41: 7618 | AL41: =AK41*L41 -> 2277782000 | AM41: 192 | AN41: 54551219 | AO41: 972 | AP41: 280794269 | AQ41: =AK41*AS41 -> 3257.4 | AR41: =(AL41*AS41)*0.92 -> 896045592 | AS41: 0.42759254
A42: =B42&I42 -> DWDJ94056CRN | B42: DWDJ94056 | C42: =MID(B42,3,5) -> DJ940 | D42: MAIN | E42: =MID($B42,2,1) -> W | F42: =MID($B42,3,2) -> DJ | G42: WINTER | H42: 여성 올리아 글로우 다운 숏패딩 | I42: CRN | J42: =IF(B42=B41,"",1) | K42: 1 | L42: 299000 | M42: SPM | N42: MC-233 | O42: NYLON | P42: 100 | Q42: 40D | R42: 55G | S42: 279T | T42: Single L | V42: WR,CIRE | X42: 우븐 | Y42: PLAIN | Z42: Ra_LV1 | AA42: GU_LV5 | AB42: 4L 구조 | AC42: 20D | AD42: 400T | AE42: EU DUCK 8020 | AF42: 180G | AG42: 헤비 | AH42: 650 | AI42: 크롭패딩 | AJ42: 크롭 | AK42: 4569 | AL42: =AK42*L42 -> 1366131000 | AM42: 126 | AN42: 35676011 | AO42: 603 | AP42: 173668107 | AQ42: =AK42*AS42 -> 1973.7 | AR42: =(AL42*AS42)*0.92 -> 5.429254e+08 | AS42: 0.43197636
A43: =B43&I43 -> DWDJ94056BKN | B43: DWDJ94056 | C43: =MID(B43,3,5) -> DJ940 | D43: MAIN | E43: =MID($B43,2,1) -> W | F43: =MID($B43,3,2) -> DJ | G43: WINTER | H43: 여성 올리아 글로우 다운 숏패딩 | I43: BKN | J43: =IF(B43=B42,"",1) | K43: 1 | L43: 299000 | M43: SPM | N43: MC-233 | O43: NYLON | P43: 100 | Q43: 40D | R43: 55G | S43: 279T | T43: Single L | V43: WR,CIRE | X43: 우븐 | Y43: PLAIN | Z43: Ra_LV1 | AA43: GU_LV5 | AB43: 4L 구조 | AC43: 20D | AD43: 400T | AE43: EU DUCK 8020 | AF43: 180G | AG43: 헤비 | AH43: 650 | AI43: 크롭패딩 | AJ43: 크롭 | AK43: 2539 | AL43: =AK43*L43 -> 759161000 | AM43: 118 | AN43: 33331187 | AO43: 641 | AP43: 185449991 | AQ43: =AK43*AS43 -> 1402.7 | AR43: =(AL43*AS43)*0.92 -> 3.8585472e+08 | AS43: 0.5524616
A44: =B44&I44 -> DWDJ97056OLS | B44: DWDJ97056 | C44: =MID(B44,3,5) -> DJ970 | D44: MAIN | E44: =MID($B44,2,1) -> W | F44: =MID($B44,3,2) -> DJ | G44: WINTER | H44: 여성 뉴 올리아 글로우 다운 숏패딩 | I44: OLS | J44: =IF(B44=B43,"",1) -> 1 | K44: 1 | L44: 299000 | M44: 26STORY | N44: 26S-BELLINA-1003 | O44: POLYURETHANE | P44: 100 | Q44: 50D | R44: 160G | S44: 290T | T44: Single L | X44: 우븐 | Y44: PLAIN | Z44: Ra_LV1 | AA44: GU_LV4 | AB44: 4L 구조 | AC44: 20D | AD44: 400T | AE44: EU DUCK 8020 | AF44: 175G | AG44: 헤비 | AH44: 650 | AI44: 크롭패딩 | AJ44: 크롭 | AK44: 1427 | AL44: =AK44*L44 -> 426673000 | AM44: 42 | AN44: 11676975 | AO44: 243 | AP44: 69934676 | AQ44: =AK44*AS44 -> 671.1 | AR44: =(AL44*AS44)*0.92 -> 184606188 | AS44: 0.47028732
A45: =B45&I45 -> DWDJ97056BKS | B45: DWDJ97056 | C45: =MID(B45,3,5) -> DJ970 | D45: MAIN | E45: =MID($B45,2,1) -> W | F45: =MID($B45,3,2) -> DJ | G45: WINTER | H45: 여성 뉴 올리아 글로우 다운 숏패딩 | I45: BKS | J45: =IF(B45=B44,"",1) | K45: 1 | L45: 299000 | M45: 26STORY | N45: 26S-BELLINA-1003 | O45: POLYURETHANE | P45: 100 | Q45: 50D | R45: 160G | S45: 290T | T45: Single L | X45: 우븐 | Y45: PLAIN | Z45: Ra_LV1 | AA45: GU_LV4 | AB45: 4L 구조 | AC45: 20D | AD45: 400T | AE45: EU DUCK 8020 | AF45: 175G | AG45: 헤비 | AH45: 650 | AI45: 크롭패딩 | AJ45: 크롭 | AK45: =1958+4000 -> 5958 | AL45: =AK45*L45 -> 1781442000 | AM45: 92 | AN45: 26121331 | AO45: 1851 | AP45: 534038590 | AQ45: =AK45*AS45 -> 5064.3 | AR45: =(AL45*AS45)*0.92 -> 1393087644 | AS45: 0.85
A46: =B46&I46 -> DWDJ97056PPD | B46: DWDJ97056 | C46: =MID(B46,3,5) -> DJ970 | D46: MAIN | E46: =MID($B46,2,1) -> W | F46: =MID($B46,3,2) -> DJ | G46: WINTER | H46: 여성 뉴 올리아 글로우 다운 숏패딩 | I46: PPD | J46: =IF(B46=B45,"",1) | K46: 1 | L46: 299000 | M46: 26STORY | N46: 26S-BELLINA-1003 | O46: POLYURETHANE | P46: 100 | Q46: 50D | R46: 160G | S46: 290T | T46: Single L | X46: 우븐 | Y46: PLAIN | Z46: Ra_LV1 | AA46: GU_LV4 | AB46: 4L 구조 | AC46: 20D | AD46: 400T | AE46: EU DUCK 8020 | AF46: 175G | AG46: 헤비 | AH46: 650 | AI46: 크롭패딩 | AJ46: 크롭 | AK46: 1509 | AL46: =AK46*L46 -> 451191000 | AM46: 45 | AN46: 12709570 | AO46: 227 | AP46: 65122837 | AQ46: =AK46*AS46 -> 679.7 | AR46: =(AL46*AS46)*0.92 -> 1.8697188e+08 | AS46: 0.45043075
A47: =B47&I47 -> DWDJ97056GRN | B47: DWDJ97056 | C47: =MID(B47,3,5) -> DJ970 | D47: MAIN | E47: =MID($B47,2,1) -> W | F47: =MID($B47,3,2) -> DJ | G47: WINTER | H47: 여성 뉴 올리아 글로우 다운 숏패딩 | I47: GRN | J47: =IF(B47=B46,"",1) | K47: 1 | L47: 299000 | M47: BKT | N47: BKW-WMS-028 | O47: POLYURETHANE | P47: 100 | Q47: 20D | R47: 77G | S47: 400T | T47: Single L | X47: 우븐 | Y47: PLAIN | Z47: Ra_LV4 | AA47: GU_LV5 | AB47: 4L 구조 | AC47: 20D | AD47: 400T | AE47: EU DUCK 8020 | AF47: 175G | AG47: 헤비 | AH47: 650 | AI47: 크롭패딩 | AJ47: 크롭 | AK47: =796+700 -> 1496 | AL47: =AK47*L47 -> 447304000 | AM47: 52 | AN47: 14836545 | AO47: 236 | AP47: 68056876 | AQ47: =AK47*AS47 -> 1196.8 | AR47: =(AL47*AS47)*0.92 -> 329215744 | AS47: 0.8
A48: =B48&I48 -> DWDJ97056BKN | B48: DWDJ97056 | C48: =MID(B48,3,5) -> DJ970 | D48: MAIN | E48: =MID($B48,2,1) -> W | F48: =MID($B48,3,2) -> DJ | G48: WINTER | H48: 여성 뉴 올리아 글로우 다운 숏패딩 | I48: BKN | J48: =IF(B48=B47,"",1) | K48: 1 | L48: 299000 | M48: BKT | N48: BKW-WMS-028 | O48: POLYURETHANE | P48: 100 | Q48: 20D | R48: 77G | S48: 400T | T48: Single L | X48: 우븐 | Y48: PLAIN | Z48: Ra_LV4 | AA48: GU_LV5 | AB48: 4L 구조 | AC48: 20D | AD48: 400T | AE48: EU DUCK 8020 | AF48: 175G | AG48: 헤비 | AH48: 650 | AI48: 크롭패딩 | AJ48: 크롭 | AK48: =1295+500 -> 1795 | AL48: =AK48*L48 -> 536705000 | AM48: 95 | AN48: 26606393 | AO48: 350 | AP48: 99530758 | AQ48: =AK48*AS48 -> 1543.7 | AR48: =(AL48*AS48)*0.92 -> 424640996 | AS48: 0.86
A49: =B49&I49 -> DWDJ95056CRS | B49: DWDJ95056 | C49: =MID(B49,3,5) -> DJ950 | D49: MAIN | E49: =MID($B49,2,1) -> W | F49: =MID($B49,3,2) -> DJ | G49: WINTER | H49: 여성 올리브 크롭 글로우 다운 숏패딩 | I49: CRS | J49: =IF(B49=B48,"",1) -> 1 | K49: 1 | L49: 299000 | M49: FLOWTEX | N49: CJP-336 | O49: POLYESTER | P49: 100 | Q49: 30D | R49: 58G | S49: 322T | T49: 2L | U49: 7mic | X49: 우븐 | Y49: PLAIN | Z49: Ra_LV2 | AA49: GU_LV2 | AB49: 4L 구조 | AC49: 20D | AD49: 400T | AE49: EU DUCK 8020 | AF49: 170G | AG49: 헤비 | AH49: 650 | AI49: 크롭패딩 | AJ49: 슈퍼크롭 | AK49: 1389 | AL49: =AK49*L49 -> 415311000 | AM49: 69 | AN49: 19428024 | AO49: 340 | AP49: 97709228 | AQ49: =AK49*AS49 -> 756.7 | AR49: =(AL49*AS49)*0.92 -> 208153036 | AS49: 0.54478042
A50: =B50&I50 -> DWDJ95056BRD | B50: DWDJ95056 | C50: =MID(B50,3,5) -> DJ950 | D50: MAIN | E50: =MID($B50,2,1) -> W | F50: =MID($B50,3,2) -> DJ | G50: WINTER | H50: 여성 올리브 크롭 글로우 다운 숏패딩 | I50: BRD | J50: =IF(B50=B49,"",1) | K50: 1 | L50: 299000 | M50: FLOWTEX | N50: CJP-336 | O50: POLYESTER | P50: 100 | Q50: 30D | R50: 58G | S50: 322T | T50: 2L | U50: 7mic | X50: 우븐 | Y50: PLAIN | Z50: Ra_LV2 | AA50: GU_LV2 | AB50: 4L 구조 | AC50: 20D | AD50: 400T | AE50: EU DUCK 8020 | AF50: 170G | AG50: 헤비 | AH50: 650 | AI50: 크롭패딩 | AJ50: 슈퍼크롭 | AK50: 1521 | AL50: =AK50*L50 -> 454779000 | AM50: 73 | AN50: 20448265 | AO50: 316 | AP50: 90198505 | AQ50: =AK50*AS50 -> 772.3 | AR50: =(AL50*AS50)*0.92 -> 2.1244428e+08 | AS50: 0.50775805
A51: =B51&I51 -> DWDJ95056BKS | B51: DWDJ95056 | C51: =MID(B51,3,5) -> DJ950 | D51: MAIN | E51: =MID($B51,2,1) -> W | F51: =MID($B51,3,2) -> DJ | G51: WINTER | H51: 여성 올리브 크롭 글로우 다운 숏패딩 | I51: BKS | J51: =IF(B51=B50,"",1) | K51: 1 | L51: 299000 | M51: FLOWTEX | N51: CJP-336 | O51: POLYESTER | P51: 100 | Q51: 30D | R51: 58G | S51: 322T | T51: 2L | U51: 7mic | X51: 우븐 | Y51: PLAIN | Z51: Ra_LV2 | AA51: GU_LV2 | AB51: 4L 구조 | AC51: 20D | AD51: 400T | AE51: EU DUCK 8020 | AF51: 170G | AG51: 헤비 | AH51: 650 | AI51: 크롭패딩 | AJ51: 슈퍼크롭 | AK51: 2538 | AL51: =AK51*L51 -> 758862000 | AM51: 156 | AN51: 43964339 | AO51: 613 | AP51: 175562303 | AQ51: =AK51*AS51 -> 1374.4 | AR51: =(AL51*AS51)*0.92 -> 378069952 | AS51: 0.54152876
A52: =B52&I52 -> DWDJ9G056CRS | B52: DWDJ9G056 | C52: =MID(B52,3,5) -> DJ9G0 | D52: MAIN | E52: =MID($B52,2,1) -> W | F52: =MID($B52,3,2) -> DJ | G52: WINTER | H52: 여성 헤이니 글로우 다운 숏패딩 | I52: CRS | J52: =IF(B52=B51,"",1) -> 1 | K52: 1 | L52: 299000 | M52: TOPTEX | N52: TP00-0343-OPP | O52: POLYESTER | P52: 100 | Q52: 25D | R52: 53G | S52: 444T | T52: 2L | U52: 8mic | V52: WR | X52: 우븐 | Y52: PLAIN | Z52: Ra_LV1 | AA52: GU_LV3 | AB52: 4L 구조 | AC52: 20D | AD52: 400T | AE52: EU DUCK 8020 | AF52: 155G | AG52: 헤비 | AH52: 650 | AI52: 크롭패딩 | AJ52: 슈퍼크롭 | AK52: 1499 | AL52: =AK52*L52 -> 448201000 | AM52: 69 | AN52: 19130081 | AO52: 335 | AP52: 95405019 | AQ52: =AK52*AS52 -> 784.7 | AR52: =(AL52*AS52)*0.92 -> 215855276 | AS52: 0.52348232
A53: =B53&I53 -> DWDJ9G056BRN | B53: DWDJ9G056 | C53: =MID(B53,3,5) -> DJ9G0 | D53: MAIN | E53: =MID($B53,2,1) -> W | F53: =MID($B53,3,2) -> DJ | G53: WINTER | H53: 여성 헤이니 글로우 다운 숏패딩 | I53: BRN | J53: =IF(B53=B52,"",1) | K53: 1 | L53: 299000 | M53: 26STORY | N53: 26S-BELLINA-1003 | O53: POLYURETHANE | P53: 100 | Q53: 50D | R53: 160G | S53: 290T | T53: Single L | X53: 우븐 | Y53: PLAIN | Z53: Ra_LV1 | AA53: GU_LV4 | AB53: 4L 구조 | AC53: 20D | AD53: 400T | AE53: EU DUCK 8020 | AF53: 150G | AG53: 헤비 | AH53: 650 | AI53: 크롭패딩 | AJ53: 슈퍼크롭 | AK53: 1957 | AL53: =AK53*L53 -> 585143000 | AM53: 166 | AN53: 46731517 | AO53: 886 | AP53: 254613119 | AQ53: =AK53*AS53 -> 1473.1 | AR53: =(AL53*AS53)*0.92 -> 405220348 | AS53: 0.75273378
A54: =B54&I54 -> DWDJ9G056TQN | B54: DWDJ9G056 | C54: =MID(B54,3,5) -> DJ9G0 | D54: MAIN | E54: =MID($B54,2,1) -> W | F54: =MID($B54,3,2) -> DJ | G54: WINTER | H54: 여성 헤이니 글로우 다운 숏패딩 | I54: TQN | J54: =IF(B54=B53,"",1) | K54: 1 | L54: 299000 | M54: 26STORY | N54: 26S-BELLINA-1003 | O54: POLYURETHANE | P54: 100 | Q54: 50D | R54: 160G | S54: 290T | T54: Single L | X54: 우븐 | Y54: PLAIN | Z54: Ra_LV1 | AA54: GU_LV4 | AB54: 4L 구조 | AC54: 20D | AD54: 400T | AE54: EU DUCK 8020 | AF54: 150G | AG54: 헤비 | AH54: 650 | AI54: 크롭패딩 | AJ54: 슈퍼크롭 | AK54: 1890 | AL54: =AK54*L54 -> 565110000 | AM54: 64 | AN54: 18047574 | AO54: 421 | AP54: 121237987 | AQ54: =AK54*AS54 -> 988 | AR54: =(AL54*AS54)*0.92 -> 271779040 | AS54: 0.52275132
A55: =B55&I55 -> DWDJ9G056BKS | B55: DWDJ9G056 | C55: =MID(B55,3,5) -> DJ9G0 | D55: MAIN | E55: =MID($B55,2,1) -> W | F55: =MID($B55,3,2) -> DJ | G55: WINTER | H55: 여성 헤이니 글로우 다운 숏패딩 | I55: BKS | J55: =IF(B55=B54,"",1) | K55: 1 | L55: 299000 | M55: TOPTEX | N55: TP00-0343-OPP | O55: POLYESTER | P55: 100 | Q55: 25D | R55: 53G | S55: 444T | T55: 2L | U55: 8mic | V55: WR | X55: 우븐 | Y55: PLAIN | Z55: Ra_LV1 | AA55: GU_LV3 | AB55: 4L 구조 | AC55: 20D | AD55: 400T | AE55: EU DUCK 8020 | AF55: 155G | AG55: 헤비 | AH55: 650 | AI55: 크롭패딩 | AJ55: 슈퍼크롭 | AK55: 3816 | AL55: =AK55*L55 -> 1140984000 | AM55: 169 | AN55: 47378795 | AO55: 687 | AP55: 197349018 | AQ55: =AK55*AS55 -> 1831.8 | AR55: =(AL55*AS55)*0.92 -> 503891544 | AS55: 0.48003145
A56: =B56&I56 -> DWDJ9G056BES | B56: DWDJ9G056 | C56: =MID(B56,3,5) -> DJ9G0 | D56: MAIN | E56: =MID($B56,2,1) -> W | F56: =MID($B56,3,2) -> DJ | G56: WINTER | H56: 여성 헤이니 글로우 다운 숏패딩 | I56: BES | J56: =IF(B56=B55,"",1) | K56: 1 | L56: 299000 | M56: BOMTEX | N56: BOM-Y7242 | O56: NYLON | P56: 100 | Q56: 20D | R56: 50G | S56: 424T | T56: Single L | V56: WR | X56: 우븐 | Y56: RIPSTOP | Z56: Ra_LV3 | AA56: GU_LV2 | AB56: 4L 구조 | AC56: 20D | AD56: 400T | AE56: EU DUCK 8020 | AF56: 155G | AG56: 헤비 | AH56: 650 | AI56: 크롭패딩 | AJ56: 슈퍼크롭 | AK56: 965 | AL56: =AK56*L56 -> 288535000 | AM56: 17 | AN56: 4798984 | AO56: 113 | AP56: 32520663 | AQ56: =AK56*AS56 -> 402.5 | AR56: =(AL56*AS56)*0.92 -> 110719700 | AS56: 0.41709845
A57: =B57&I57 -> DWDJ9G056KAL | B57: DWDJ9G056 | C57: =MID(B57,3,5) -> DJ9G0 | D57: MAIN | E57: =MID($B57,2,1) -> W | F57: =MID($B57,3,2) -> DJ | G57: WINTER | H57: 여성 헤이니 글로우 다운 숏패딩 | I57: KAL | J57: =IF(B57=B56,"",1) | K57: 1 | L57: 299000 | M57: BOMTEX | N57: BOM-Y7242 | O57: NYLON | P57: 100 | Q57: 20D | R57: 50G | S57: 424T | T57: Single L | V57: WR | X57: 우븐 | Y57: RIPSTOP | Z57: Ra_LV3 | AA57: GU_LV2 | AB57: 4L 구조 | AC57: 20D | AD57: 400T | AE57: EU DUCK 8020 | AF57: 155G | AG57: 헤비 | AH57: 650 | AI57: 크롭패딩 | AJ57: 슈퍼크롭 | AK57: 997 | AL57: =AK57*L57 -> 298103000 | AM57: 9 | AN57: 2573155 | AO57: 55 | AP57: 15905262 | AQ57: =AK57*AS57 -> 354.1 | AR57: =(AL57*AS57)*0.92 -> 97405828 | AS57: 0.3551655
A58: =B58&I58 -> DWDJ9G056BKN | B58: DWDJ9G056 | C58: =MID(B58,3,5) -> DJ9G0 | D58: MAIN | E58: =MID($B58,2,1) -> W | F58: =MID($B58,3,2) -> DJ | G58: WINTER | H58: 여성 헤이니 글로우 다운 숏패딩 | I58: BKN | J58: =IF(B58=B57,"",1) | K58: 1 | L58: 299000 | M58: 26STORY | N58: 26S-BELLINA-1003 | O58: POLYURETHANE | P58: 100 | Q58: 50D | R58: 160G | S58: 290T | T58: Single L | X58: 우븐 | Y58: PLAIN | Z58: Ra_LV1 | AA58: GU_LV4 | AB58: 4L 구조 | AC58: 20D | AD58: 400T | AE58: EU DUCK 8020 | AF58: 150G | AG58: 헤비 | AH58: 650 | AI58: 크롭패딩 | AJ58: 슈퍼크롭 | AK58: 7780 | AL58: =AK58*L58 -> 2326220000 | AM58: 782 | AN58: 219965793 | AO58: 3764 | AP58: 1081370438 | AQ58: =AK58*AS58 -> 6098 | AR58: =(AL58*AS58)*0.92 -> 1677437840 | AS58: 0.78380463
A59: =B59&I59 -> DWDJ96056CRS | B59: DWDJ96056 | C59: =MID(B59,3,5) -> DJ960 | D59: MAIN | E59: =MID($B59,2,1) -> W | F59: =MID($B59,3,2) -> DJ | G59: WINTER | H59: 여성 베니아 구스다운 미드패딩 | I59: CRS | J59: =IF(B59=B58,"",1) -> 1 | K59: 1 | L59: 399000 | M59: TOPTEX | N59: TP00-0343-OPP | O59: POLYESTER | P59: 100 | Q59: 25D | R59: 53G | S59: 444T | T59: 2L | U59: 8mic | V59: WR | X59: 우븐 | Y59: PLAIN | Z59: Ra_LV1 | AA59: GU_LV3 | AB59: 4L 구조 | AC59: 20D | AD59: 400T | AE59: EU GOOSE 8020 | AF59: 185G | AG59: 헤비 | AH59: 650 | AI59: 미드패딩 | AJ59: 미드 | AK59: 601 | AL59: =AK59*L59 -> 239799000 | AM59: 12 | AN59: 4552851 | AO59: 86 | AP59: 33339438 | AQ59: =AK59*AS59 -> 296.35 | AR59: =(AL59*AS59)*0.92 -> 1.0878416e+08 | AS59: 0.49309484
A60: =B60&I60 -> DWDJ96056BKS | B60: DWDJ96056 | C60: =MID(B60,3,5) -> DJ960 | D60: MAIN | E60: =MID($B60,2,1) -> W | F60: =MID($B60,3,2) -> DJ | G60: WINTER | H60: 여성 베니아 구스다운 미드패딩 | I60: BKS | J60: =IF(B60=B59,"",1) | K60: 1 | L60: 399000 | M60: TOPTEX | N60: TP00-0343-OPP | O60: POLYESTER | P60: 100 | Q60: 25D | R60: 53G | S60: 444T | T60: 2L | U60: 8mic | V60: WR | X60: 우븐 | Y60: PLAIN | Z60: Ra_LV1 | AA60: GU_LV3 | AB60: 4L 구조 | AC60: 20D | AD60: 400T | AE60: EU GOOSE 8020 | AF60: 185G | AG60: 헤비 | AH60: 650 | AI60: 미드패딩 | AJ60: 미드 | AK60: 795 | AL60: =AK60*L60 -> 317205000 | AM60: 72 | AN60: 26853268 | AO60: 344 | AP60: 132032983 | AQ60: =AK60*AS60 -> 622.25 | AR60: =(AL60*AS60)*0.92 -> 228415530 | AS60: 0.7827044
A61: =B61&I61 -> DWDJ99056BES | B61: DWDJ99056 | C61: =MID(B61,3,5) -> DJ990 | D61: MAIN | E61: =MID($B61,2,1) -> W | F61: =MID($B61,3,2) -> DJ | G61: WINTER | H61: 여성 켈리 구스다운 숏패딩 | I61: BES | J61: =IF(B61=B60,"",1) -> 1 | K61: 1 | L61: 399000 | M61: 네오드림 | N61: NEO-22F231 (10mic) | O61: POLYESTER | P61: 100 | Q61: 75D | R61: 95G | S61: 203T | T61: 2L | U61: 10mic | V61: WR | X61: 우븐 | Y61: PLAIN | Z61: Ra_LV2 | AA61: GU_LV2 | AB61: 4L 구조 | AC61: 30D | AD61: 360T | AE61: EU GOOSE 8020 | AF61: 185G | AG61: 헤비 | AH61: 650 | AI61: 크롭패딩 | AJ61: 세미크롭 | AK61: 3467 | AL61: =AK61*L61 -> 1383333000 | AM61: 425 | AN61: 160228996 | AO61: 1613 | AP61: 621829687 | AQ61: =AK61*AS61 -> 2653.1 | AR61: =(AL61*AS61)*0.92 -> 973899948 | AS61: 0.76524373
A62: =B62&I62 -> DWDJ99056BKS | B62: DWDJ99056 | C62: =MID(B62,3,5) -> DJ990 | D62: MAIN | E62: =MID($B62,2,1) -> W | F62: =MID($B62,3,2) -> DJ | G62: WINTER | H62: 여성 켈리 구스다운 숏패딩 | I62: BKS | J62: =IF(B62=B61,"",1) | K62: 1 | L62: 399000 | M62: 네오드림 | N62: NEO-22F231 (10mic) | O62: POLYESTER | P62: 100 | Q62: 75D | R62: 95G | S62: 203T | T62: 2L | U62: 10mic | V62: WR | X62: 우븐 | Y62: PLAIN | Z62: Ra_LV2 | AA62: GU_LV2 | AB62: 4L 구조 | AC62: 30D | AD62: 360T | AE62: EU GOOSE 8020 | AF62: 185G | AG62: 헤비 | AH62: 650 | AI62: 크롭패딩 | AJ62: 세미크롭 | AK62: 4943 | AL62: =AK62*L62 -> 1972257000 | AM62: 552 | AN62: 207719727 | AO62: 1963 | AP62: 755801731 | AQ62: =AK62*AS62 -> 3445.9 | AR62: =(AL62*AS62)*0.92 -> 1264920972 | AS62: 0.69712725
A63: =B63&I63 -> DWDJ99056BGD | B63: DWDJ99056 | C63: =MID(B63,3,5) -> DJ990 | D63: MAIN | E63: =MID($B63,2,1) -> W | F63: =MID($B63,3,2) -> DJ | G63: WINTER | H63: 여성 켈리 구스다운 숏패딩 | I63: BGD | J63: =IF(B63=B62,"",1) | K63: 1 | L63: 399000 | M63: 네오드림 | N63: NEO-22F231 (10mic) | O63: POLYESTER | P63: 100 | Q63: 75D | R63: 95G | S63: 203T | T63: 2L | U63: 10mic | V63: WR | X63: 우븐 | Y63: PLAIN | Z63: Ra_LV2 | AA63: GU_LV2 | AB63: 4L 구조 | AC63: 30D | AD63: 360T | AE63: EU GOOSE 8020 | AF63: 185G | AG63: 헤비 | AH63: 650 | AI63: 크롭패딩 | AJ63: 세미크롭 | AK63: 951 | AL63: =AK63*L63 -> 379449000 | AM63: 135 | AN63: 52199498 | AO63: 655 | AP63: 255003042 | AQ63: =AK63*AS63 -> 940.3 | AR63: =(AL63*AS63)*0.92 -> 345165324 | AS63: 0.98874869
A64: =B64&I64 -> DWDJ98056CRS | B64: DWDJ98056 | C64: =MID(B64,3,5) -> DJ980 | D64: MAIN | E64: =MID($B64,2,1) -> W | F64: =MID($B64,3,2) -> DJ | G64: WINTER | H64: 여성 켈리 구스다운 미드패딩 | I64: CRS | J64: =IF(B64=B63,"",1) -> 1 | K64: 1 | L64: 490000 | M64: 네오드림 | N64: NEO-22F231 (10mic) | O64: POLYESTER | P64: 100 | Q64: 75D | R64: 95G | S64: 203T | T64: 2L | U64: 10mic | V64: WR | X64: 우븐 | Y64: PLAIN | Z64: Ra_LV2 | AA64: GU_LV2 | AB64: 4L 구조 | AC64: 30D | AD64: 360T | AE64: EU GOOSE 8020 | AF64: 207G | AG64: 헤비 | AH64: 650 | AI64: 미드패딩 | AJ64: 미드 | AK64: 1468 | AL64: =AK64*L64 -> 719320000 | AM64: 191 | AN64: 87644245 | AO64: 653 | AP64: 306988411 | AQ64: =AK64*AS64 -> 1166.8 | AR64: =(AL64*AS64)*0.92 -> 525993440 | AS64: 0.79482289
A65: =B65&I65 -> DWDJ98056WID | B65: DWDJ98056 | C65: =MID(B65,3,5) -> DJ980 | D65: MAIN | E65: =MID($B65,2,1) -> W | F65: =MID($B65,3,2) -> DJ | G65: WINTER | H65: 여성 켈리 구스다운 미드패딩 | I65: WID | J65: =IF(B65=B64,"",1) | K65: 1 | L65: 490000 | M65: 네오드림 | N65: NEO-22F231 (10mic) | O65: POLYESTER | P65: 100 | Q65: 75D | R65: 95G | S65: 203T | T65: 2L | U65: 10mic | V65: WR | X65: 우븐 | Y65: PLAIN | Z65: Ra_LV2 | AA65: GU_LV2 | AB65: 4L 구조 | AC65: 30D | AD65: 360T | AE65: EU GOOSE 8020 | AF65: 207G | AG65: 헤비 | AH65: 650 | AI65: 미드패딩 | AJ65: 미드 | AK65: 814 | AL65: =AK65*L65 -> 398860000 | AM65: 35 | AN65: 15834380 | AO65: 124 | AP65: 57960819 | AQ65: =AK65*AS65 -> 408.9 | AR65: =(AL65*AS65)*0.92 -> 184332120 | AS65: 0.50233415
A66: =B66&I66 -> DWDJ98056BKS | B66: DWDJ98056 | C66: =MID(B66,3,5) -> DJ980 | D66: MAIN | E66: =MID($B66,2,1) -> W | F66: =MID($B66,3,2) -> DJ | G66: WINTER | H66: 여성 켈리 구스다운 미드패딩 | I66: BKS | J66: =IF(B66=B65,"",1) | K66: 1 | L66: 490000 | M66: 네오드림 | N66: NEO-22F231 (10mic) | O66: POLYESTER | P66: 100 | Q66: 75D | R66: 95G | S66: 203T | T66: 2L | U66: 10mic | V66: WR | X66: 우븐 | Y66: PLAIN | Z66: Ra_LV2 | AA66: GU_LV2 | AB66: 4L 구조 | AC66: 30D | AD66: 360T | AE66: EU GOOSE 8020 | AF66: 207G | AG66: 헤비 | AH66: 650 | AI66: 미드패딩 | AJ66: 미드 | AK66: 3982 | AL66: =AK66*L66 -> 1951180000 | AM66: 596 | AN66: 272551311 | AO66: 1724 | AP66: 806449448 | AQ66: =AK66*AS66 -> 3117.7 | AR66: =(AL66*AS66)*0.92 -> 1405459160 | AS66: 0.78294827
A67: =B67&I67 -> DWDJ98056BGL | B67: DWDJ98056 | C67: =MID(B67,3,5) -> DJ980 | D67: MAIN | E67: =MID($B67,2,1) -> W | F67: =MID($B67,3,2) -> DJ | G67: WINTER | H67: 여성 켈리 구스다운 미드패딩 | I67: BGL | J67: =IF(B67=B66,"",1) | K67: 1 | L67: 490000 | M67: 네오드림 | N67: NEO-22F231 (10mic) | O67: POLYESTER | P67: 100 | Q67: 75D | R67: 95G | S67: 203T | T67: 2L | U67: 10mic | V67: WR | X67: 우븐 | Y67: PLAIN | Z67: Ra_LV2 | AA67: GU_LV2 | AB67: 4L 구조 | AC67: 30D | AD67: 360T | AE67: EU GOOSE 8020 | AF67: 207G | AG67: 헤비 | AH67: 650 | AI67: 미드패딩 | AJ67: 미드 | AK67: 983 | AL67: =AK67*L67 -> 481670000 | AM67: 125 | AN67: 57413992 | AO67: 441 | AP67: 206329333 | AQ67: =AK67*AS67 -> 785.05 | AR67: =(AL67*AS67)*0.92 -> 3.5390054e+08 | AS67: 0.79862665
A68: =B68&I68 -> DWDJ9A056DGS | B68: DWDJ9A056 | C68: =MID(B68,3,5) -> DJ9A0 | D68: MAIN | E68: =MID($B68,2,1) -> W | F68: =MID($B68,3,2) -> DJ | G68: WINTER | H68: 여성 켈리 구스다운 롱패딩 | I68: DGS | J68: =IF(B68=B67,"",1) -> 1 | K68: 1 | L68: 590000 | M68: 네오드림 | N68: NEO-22F231 (10mic) | O68: POLYESTER | P68: 100 | Q68: 75D | R68: 95G | S68: 203T | T68: 2L | U68: 10mic | V68: WR | X68: 우븐 | Y68: PLAIN | Z68: Ra_LV2 | AA68: GU_LV2 | AB68: 4L 구조 | AC68: 30D | AD68: 360T | AE68: EU GOOSE 8020 | AF68: 242G | AG68: 헤비 | AH68: 650 | AI68: 롱패딩 | AJ68: 롱 | AK68: 1534 | AL68: =AK68*L68 -> 905060000 | AM68: 184 | AN68: 101671233 | AO68: 478 | AP68: 269808861 | AQ68: =AK68*AS68 -> 938.2 | AR68: =(AL68*AS68)*0.92 -> 509254960 | AS68: 0.61160365
A69: =B69&I69 -> DWDJ9A056BKS | B69: DWDJ9A056 | C69: =MID(B69,3,5) -> DJ9A0 | D69: MAIN | E69: =MID($B69,2,1) -> W | F69: =MID($B69,3,2) -> DJ | G69: WINTER | H69: 여성 켈리 구스다운 롱패딩 | I69: BKS | J69: =IF(B69=B68,"",1) | K69: 1 | L69: 590000 | M69: 네오드림 | N69: NEO-22F231 (10mic) | O69: POLYESTER | P69: 100 | Q69: 75D | R69: 95G | S69: 203T | T69: 2L | U69: 10mic | V69: WR | X69: 우븐 | Y69: PLAIN | Z69: Ra_LV2 | AA69: GU_LV2 | AB69: 4L 구조 | AC69: 30D | AD69: 360T | AE69: EU GOOSE 8020 | AF69: 242G | AG69: 헤비 | AH69: 650 | AI69: 롱패딩 | AJ69: 롱 | AK69: 8061 | AL69: =AK69*L69 -> 4755990000 | AM69: 734 | AN69: 407368575 | AO69: 1934 | AP69: 1097569012 | AQ69: =AK69*AS69 -> 4352.3 | AR69: =(AL69*AS69)*0.92 -> 2362428440 | AS69: 0.53992061
A70: =B70&I70 -> DWDJ9A056BES | B70: DWDJ9A056 | C70: =MID(B70,3,5) -> DJ9A0 | D70: MAIN | E70: =MID($B70,2,1) -> W | F70: =MID($B70,3,2) -> DJ | G70: WINTER | H70: 여성 켈리 구스다운 롱패딩 | I70: BES | J70: =IF(B70=B69,"",1) | K70: 1 | L70: 590000 | M70: 네오드림 | N70: NEO-22F231 (10mic) | O70: POLYESTER | P70: 100 | Q70: 75D | R70: 95G | S70: 203T | T70: 2L | U70: 10mic | V70: WR | X70: 우븐 | Y70: PLAIN | Z70: Ra_LV2 | AA70: GU_LV2 | AB70: 4L 구조 | AC70: 30D | AD70: 360T | AE70: EU GOOSE 8020 | AF70: 242G | AG70: 헤비 | AH70: 650 | AI70: 롱패딩 | AJ70: 롱 | AK70: 2997 | AL70: =AK70*L70 -> 1768230000 | AM70: 327 | AN70: 182012751 | AO70: 887 | AP70: 501403248 | AQ70: =AK70*AS70 -> 1786.1 | AR70: =(AL70*AS70)*0.92 -> 9.6949508e+08 | AS70: 0.59596263
... A73: =B73&I73 -> DWDJ9A056CRS | B73: DWDJ9A056 | C73: =MID(B73,3,5) -> DJ9A0 | D73: SPOT | E73: =MID($B73,2,1) -> W | F73: =MID($B73,3,2) -> DJ | G73: WINTER | H73: 여성 켈리 구스다운 롱패딩 | I73: CRS | J73: =IF(B73=B72,"",1) | K73: 1 | L73: 590000 | M73: 네오드림 | N73: NEO-22F231 (10mic) | O73: POLYESTER | P73: 100 | Q73: 75D | R73: 95G | S73: 203T | T73: 2L | U73: 10mic | V73: WR | X73: 우븐 | Y73: PLAIN | Z73: Ra_LV2 | AA73: GU_LV2 | AB73: 4L 구조 | AC73: 30D | AD73: 360T | AE73: EU GOOSE 8020 | AF73: 242G | AG73: 헤비 | AH73: 650 | AI73: 롱패딩 | AJ73: 롱 | AK73: 503 | AL73: =AK73*L73 -> 296770000 | AM73: 38 | AN73: 21774870 | AO73: 128 | AP73: 74073300 | AQ73: =AK73*AS73 -> 278.9 | AR73: =(AL73*AS73)*0.92 -> 151386920 | AS73: 0.55447316
A74: =B74&I74 -> DWDJ9P056BKS | B74: DWDJ9P056 | C74: =MID(B74,3,5) -> DJ9P0 | D74: MAIN | E74: =MID($B74,2,1) -> W | F74: =MID($B74,3,2) -> DJ | G74: WINTER | H74: 여성 아웃포켓 다운 크롭 숏패딩 | I74: BKS | J74: =IF(B74=B73,"",1) -> 1 | K74: 1 | L74: 299000 | M74: MD글로벌 | N74: MDAC-71375 | O74: NYLON | P74: 100 | Q74: 20D | R74: 49G | S74: 330T | T74: Single L | V74: WR | X74: 우븐 | Y74: PLAIN | Z74: Ra_LV3 | AA74: GU_LV2 | AB74: 4L 구조 | AC74: 20D | AD74: 400T | AE74: EU DUCK 8020 | AF74: 190G | AG74: 헤비 | AH74: 650 | AI74: 크롭패딩 | AJ74: 슈퍼크롭 | AK74: 1002 | AL74: =AK74*L74 -> 299598000 | AM74: 30 | AN74: 8297385 | AO74: 173 | AP74: 49566354 | AQ74: =AK74*AS74 -> 473.6 | AR74: =(AL74*AS74)*0.92 -> 130277888 | AS74: 0.47265469
A75: =B75&I75 -> DWDJ9P056BRD | B75: DWDJ9P056 | C75: =MID(B75,3,5) -> DJ9P0 | D75: MAIN | E75: =MID($B75,2,1) -> W | F75: =MID($B75,3,2) -> DJ | G75: WINTER | H75: 여성 아웃포켓 다운 크롭 숏패딩 | I75: BRD | J75: =IF(B75=B74,"",1) | K75: 1 | L75: 299000 | M75: MD글로벌 | N75: MDAC-71375 | O75: NYLON | P75: 100 | Q75: 20D | R75: 49G | S75: 330T | T75: Single L | V75: WR | X75: 우븐 | Y75: PLAIN | Z75: Ra_LV3 | AA75: GU_LV2 | AB75: 4L 구조 | AC75: 20D | AD75: 400T | AE75: EU DUCK 8020 | AF75: 190G | AG75: 헤비 | AH75: 650 | AI75: 크롭패딩 | AJ75: 슈퍼크롭 | AK75: 798 | AL75: =AK75*L75 -> 238602000 | AM75: 28 | AN75: 7776678 | AO75: 214 | AP75: 60993917 | AQ75: =AK75*AS75 -> 453.4 | AR75: =(AL75*AS75)*0.92 -> 124721272 | AS75: 0.56817043
A76: =B76&I76 -> DWDJ9P056BES | B76: DWDJ9P056 | C76: =MID(B76,3,5) -> DJ9P0 | D76: MAIN | E76: =MID($B76,2,1) -> W | F76: =MID($B76,3,2) -> DJ | G76: WINTER | H76: 여성 아웃포켓 다운 크롭 숏패딩 | I76: BES | J76: =IF(B76=B75,"",1) | K76: 1 | L76: 299000 | M76: MD글로벌 | N76: MDAC-71375 | O76: NYLON | P76: 100 | Q76: 20D | R76: 49G | S76: 330T | T76: Single L | V76: WR | X76: 우븐 | Y76: PLAIN | Z76: Ra_LV3 | AA76: GU_LV2 | AB76: 4L 구조 | AC76: 20D | AD76: 400T | AE76: EU DUCK 8020 | AF76: 190G | AG76: 헤비 | AH76: 650 | AI76: 크롭패딩 | AJ76: 슈퍼크롭 | AK76: 800 | AL76: =AK76*L76 -> 239200000 | AM76: 25 | AN76: 6953388 | AO76: 160 | AP76: 45742147 | AQ76: =AK76*AS76 -> 400 | AR76: =(AL76*AS76)*0.92 -> 110032000 | AS76: 0.5
A77: =B77&I77 -> DMDJ75056BGS | B77: DMDJ75056 | C77: =MID(B77,3,5) -> DJ750 | D77: MAIN | E77: =MID($B77,2,1) -> M | F77: =MID($B77,3,2) -> DJ | G77: WINTER | H77: 남성 올버트 구스다운 경량패딩 | I77: BGS | J77: =IF(B77=B76,"",1) -> 1 | K77: 1 | L77: 249000 | M77: BOMTEX | N77: BOM-SB4129CC | O77: NYLON | P77: 100 | Q77: 10D | R77: 28G | S77: 470T | T77: Single L | V77: WR | X77: 우븐 | Y77: RIPSTOP | Z77: Ra_LV2 | AA77: GU_LV4 | AB77: 2L 구조 | AC77: (다운백 없음) | AD77: (다운백 없음) | AE77: EU GOOSE 8020 | AF77: 140G | AG77: 경량 | AH77: 650 | AI77: 경량패딩 | AJ77: 스탠다드 | AK77: 1000 | AL77: =AK77*L77 -> 249000000 | AM77: 19 | AN77: 3311700 | AO77: 162 | AP77: 30508157 | AQ77: =AK77*AS77 -> 412 | AR77: =(AL77*AS77)*0.92 -> 94380960 | AS77: 0.412
A78: =B78&I78 -> DMDJ75056ORL | B78: DMDJ75056 | C78: =MID(B78,3,5) -> DJ750 | D78: MAIN | E78: =MID($B78,2,1) -> M | F78: =MID($B78,3,2) -> DJ | G78: WINTER | H78: 남성 올버트 구스다운 경량패딩 | I78: ORL | J78: =IF(B78=B77,"",1) | K78: 1 | L78: 249000 | M78: BOMTEX | N78: BOM-SB4129CC | O78: NYLON | P78: 100 | Q78: 10D | R78: 28G | S78: 470T | T78: Single L | V78: WR | X78: 우븐 | Y78: RIPSTOP | Z78: Ra_LV2 | AA78: GU_LV4 | AB78: 2L 구조 | AC78: (다운백 없음) | AD78: (다운백 없음) | AE78: EU GOOSE 8020 | AF78: 140G | AG78: 경량 | AH78: 650 | AI78: 경량패딩 | AJ78: 스탠다드 | AK78: 798 | AL78: =AK78*L78 -> 198702000 | AM78: 4 | AN78: 721200 | AO78: 89 | AP78: 17591714 | AQ78: =AK78*AS78 -> 288.5 | AR78: =(AL78*AS78)*0.92 -> 66089580 | AS78: 0.36152882
A79: =B79&I79 -> DMDJ75056DGS | B79: DMDJ75056 | C79: =MID(B79,3,5) -> DJ750 | D79: MAIN | E79: =MID($B79,2,1) -> M | F79: =MID($B79,3,2) -> DJ | G79: WINTER | H79: 남성 올버트 구스다운 경량패딩 | I79: DGS | J79: =IF(B79=B78,"",1) | K79: 1 | L79: 249000 | M79: BOMTEX | N79: BOM-SB4129CC | O79: NYLON | P79: 100 | Q79: 10D | R79: 28G | S79: 470T | T79: Single L | V79: WR | X79: 우븐 | Y79: RIPSTOP | Z79: Ra_LV2 | AA79: GU_LV4 | AB79: 2L 구조 | AC79: (다운백 없음) | AD79: (다운백 없음) | AE79: EU GOOSE 8020 | AF79: 140G | AG79: 경량 | AH79: 650 | AI79: 경량패딩 | AJ79: 스탠다드 | AK79: 996 | AL79: =AK79*L79 -> 248004000 | AM79: 28 | AN79: 4805700 | AO79: 339 | AP79: 67625846 | AQ79: =AK79*AS79 -> 588 | AR79: =(AL79*AS79)*0.92 -> 134699040 | AS79: 0.59036145
A80: =B80&I80 -> DMDJ75056BKS | B80: DMDJ75056 | C80: =MID(B80,3,5) -> DJ750 | D80: MAIN | E80: =MID($B80,2,1) -> M | F80: =MID($B80,3,2) -> DJ | G80: WINTER | H80: 남성 올버트 구스다운 경량패딩 | I80: BKS | J80: =IF(B80=B79,"",1) | K80: 1 | L80: 249000 | M80: BOMTEX | N80: BOM-SB4129CC | O80: NYLON | P80: 100 | Q80: 10D | R80: 28G | S80: 470T | T80: Single L | V80: WR | X80: 우븐 | Y80: RIPSTOP | Z80: Ra_LV2 | AA80: GU_LV4 | AB80: 2L 구조 | AC80: (다운백 없음) | AD80: (다운백 없음) | AE80: EU GOOSE 8020 | AF80: 140G | AG80: 경량 | AH80: 650 | AI80: 경량패딩 | AJ80: 스탠다드 | AK80: 3479 | AL80: =AK80*L80 -> 866271000 | AM80: 108 | AN80: 18781400 | AO80: 962 | AP80: 181952052 | AQ80: =AK80*AS80 -> 1831.75 | AR80: =(AL80*AS80)*0.92 -> 4.1961729e+08 | AS80: 0.52651624
A81: =B81&I81 -> DMDJ75056DTS | B81: DMDJ75056 | C81: =MID(B81,3,5) -> DJ750 | D81: SPOT | E81: =MID($B81,2,1) -> M | F81: =MID($B81,3,2) -> DJ | G81: WINTER | H81: 남성 올버트 구스다운 경량패딩 | I81: DTS | J81: =IF(B81=B80,"",1) | K81: 1 | L81: 249000 | M81: BOMTEX | N81: BOM-SB4129CC | O81: NYLON | P81: 100 | Q81: 10D | R81: 28G | S81: 470T | T81: Single L | V81: WR | X81: 우븐 | Y81: RIPSTOP | Z81: Ra_LV2 | AA81: GU_LV4 | AB81: 2L 구조 | AC81: (다운백 없음) | AD81: (다운백 없음) | AE81: EU GOOSE 8020 | AF81: 140G | AG81: 경량 | AH81: 650 | AI81: 경량패딩 | AJ81: 스탠다드 | AK81: 489 | AL81: =AK81*L81 -> 121761000 | AM81: 7 | AN81: 1198100 | AO81: 169 | AP81: 32649249 | AQ81: =AK81*AS81 -> 291.25 | AR81: =(AL81*AS81)*0.92 -> 66719550 | AS81: 0.59560327
A82: =B82&I82 -> DWDJ76056BGS | B82: DWDJ76056 | C82: =MID(B82,3,5) -> DJ760 | D82: MAIN | E82: =MID($B82,2,1) -> W | F82: =MID($B82,3,2) -> DJ | G82: WINTER | H82: 여성 올버트 구스다운 경량패딩 | I82: BGS | J82: =IF(B82=B81,"",1) -> 1 | K82: 1 | L82: 249000 | M82: BOMTEX | N82: BOM-SB4129CC | O82: NYLON | P82: 100 | Q82: 10D | R82: 28G | S82: 470T | T82: Single L | V82: WR | X82: 우븐 | Y82: RIPSTOP | Z82: Ra_LV2 | AA82: GU_LV4 | AB82: 2L 구조 | AC82: (다운백 없음) | AD82: (다운백 없음) | AE82: EU GOOSE 8020 | AF82: 100G | AG82: 경량 | AH82: 650 | AI82: 경량패딩 | AJ82: 스탠다드 | AK82: 2408 | AL82: =AK82*L82 -> 599592000 | AM82: 13 | AN82: 2191200 | AO82: 199 | AP82: 38493036 | AQ82: =AK82*AS82 -> 801 | AR82: =(AL82*AS82)*0.92 -> 1.8349308e+08 | AS82: 0.3326412
A83: =B83&I83 -> DWDJ76056BKS | B83: DWDJ76056 | C83: =MID(B83,3,5) -> DJ760 | D83: MAIN | E83: =MID($B83,2,1) -> W | F83: =MID($B83,3,2) -> DJ | G83: WINTER | H83: 여성 올버트 구스다운 경량패딩 | I83: BKS | J83: =IF(B83=B82,"",1) | K83: 1 | L83: 249000 | M83: BOMTEX | N83: BOM-SB4129CC | O83: NYLON | P83: 100 | Q83: 10D | R83: 28G | S83: 470T | T83: Single L | V83: WR | X83: 우븐 | Y83: RIPSTOP | Z83: Ra_LV2 | AA83: GU_LV4 | AB83: 2L 구조 | AC83: (다운백 없음) | AD83: (다운백 없음) | AE83: EU GOOSE 8020 | AF83: 100G | AG83: 경량 | AH83: 650 | AI83: 경량패딩 | AJ83: 스탠다드 | AK83: 1696 | AL83: =AK83*L83 -> 422304000 | AM83: 25 | AN83: 4346500 | AO83: 392 | AP83: 73111442 | AQ83: =AK83*AS83 -> 816 | AR83: =(AL83*AS83)*0.92 -> 186929280 | AS83: 0.48113208
A84: =B84&I84 -> DMDJ7I056BKS | B84: DMDJ7I056 | C84: =MID(B84,3,5) -> DJ7I0 | D84: MAIN | E84: =MID($B84,2,1) -> M | F84: =MID($B84,3,2) -> DJ | G84: WINTER | H84: 남성 올버트 후드 구스다운 경량패딩 | I84: BKS | J84: =IF(B84=B83,"",1) -> 1 | K84: 1 | L84: 259000 | M84: BOMTEX | N84: BOM-SB4129CC | O84: NYLON | P84: 100 | Q84: 10D | R84: 28G | S84: 470T | T84: Single L | V84: WR | X84: 우븐 | Y84: RIPSTOP | Z84: Ra_LV2 | AA84: GU_LV4 | AB84: 2L 구조 | AC84: (다운백 없음) | AD84: (다운백 없음) | AE84: EU GOOSE 8020 | AF84: 153G | AG84: 경량 | AH84: 650 | AI84: 경량패딩 | AJ84: 스탠다드 | AK84: 3289 | AL84: =AK84*L84 -> 851851000 | AM84: 146 | AN84: 26456270 | AO84: 1694 | AP84: 331637806 | AQ84: =AK84*AS84 -> 2516.25 | AR84: =(AL84*AS84)*0.92 -> 599572050 | AS84: 0.76505017
